George Abbott,abbotge01,G,1,1,0,0,0,0.0
John Adams,adamsjo02,G,14,22,0,0,9,1.5
Alex Auld,auldal01,G,23,237,0,0,91,35.8
Scott Bailey,bailesc01,G,19,19,0,0,6,1.4
Mike Bales,balesmi01,G,1,23,0,0,2,1.6
Marco Baron,baronma01,G,64,86,0,0,34,14.7
Yves Belanger,belanyv01,G,8,78,0,0,29,8.9
Harvey Bennett,benneha01,G,25,25,0,0,10,3.1
Daniel Berthiaume,berthda01,G,8,215,0,0,81,29.4
Paul Bibeault,bibeapa01,G,43,215,0,0,81,31.0
Craig Billington,billicr01,G,35,332,0,0,110,33.4
Richard Bittner,bittnri01,G,1,1,0,0,0,0.1
John Blue,bluejo01,G,41,46,0,0,16,6.0
Ken Broderick,brodeke01,G,20,27,0,0,11,4.2
Ross Brooks,brookro01,G,54,54,0,0,37,11.1
Jim Carey,careyji01,G,29,172,0,0,79,20.5
Jon Casey,caseyjo01,G,57,425,0,0,170,61.8
Ed Chadwick,chadwed01,G,4,184,0,0,57,26.9
Tim Cheveldae,cheveti01,G,2,340,0,0,149,45.8
Les Colvin,colvile01,G,1,1,0,0,0,0.0
Maurice Courteau,courtma01,G,6,6,0,0,2,0.4
Jim Craig,craigji01,G,23,30,0,0,11,4.2
Wilf Cude,cudewi01,G,2,281,0,0,98,33.2
Nick Damore,damorni01,G,1,1,0,0,1,0.2
Cleon Daskalakis,daskacl01,G,12,12,0,0,3,0.7
Norm Defelice,defelno01,G,10,10,0,0,3,1.3
Matt DelGuidice,delguma01,G,11,11,0,0,2,1.3
Claude Evans,evanscl01,G,1,5,0,0,1,0.2
Manny Fernandez,fernama01,G,32,325,0,0,143,59.4
Brian Finley,finlebr01,G,2,4,0,0,0,0.0
Norm Foster,fosteno01,G,3,13,0,0,7,1.1
Hec Fowler,fowlehe01,G,7,7,0,0,1,-1.8
Jimmy Franks,frankji01,G,1,42,0,0,12,5.2
Bruce Gamble,gamblbr01,G,80,328,0,0,111,42.5
Bert Gardiner,gardibe01,G,41,144,0,0,49,19.2
Jack Gelineau,gelinja01,G,141,143,0,0,46,17.3
Andre Gill,gillan01,G,5,5,0,0,3,0.7
John Grahame,grahajo01,G,76,224,0,0,97,29.2
Ron Grahame,graharo02,G,40,114,0,0,50,14.7
Benny Grant,grantbe01,G,1,53,0,0,18,5.0
Jonas Gustavsson,gustajo01,G,24,179,0,0,72,21.7
Jeff Hackett,hackeje01,G,18,500,0,0,166,82.6
Jaroslav Halak,halakja01,G,40,489,0,0,254,88.8
Don Head,headdo01,G,38,38,0,0,9,2.0
John Henderson,hendejo01,G,46,46,0,0,15,7.2
Gord Henry,henrygo01,G,3,3,0,0,1,0.8
Percy Jackson,jackspe01,G,5,7,0,0,1,-0.2
Chad Johnson,johnsch02,G,27,192,0,0,80,26.4
Joe Junkin,junkijo01,G,1,1,0,0,0,0.1
Doug Keans,keansdo01,G,154,210,0,0,96,27.8
Don Keenan,keenado01,G,1,1,0,0,0,0.1
Anton Khudobin,khudoan01,G,62,188,0,0,83,33.0
Blaine Lacher,lachebl01,G,47,47,0,0,22,4.7
Reggie Lemelin,lemelre01,G,183,506,0,0,236,78.4
Howard Lockhart,lockhho01,G,2,59,0,0,16,4.2
Harry Lumley,lumleha01,G,77,803,0,0,330,133.6
Joey MacDonald,macdojo01,G,7,133,0,0,44,19.2
Zane McIntyre,mcintza01,G,8,8,0,0,0,-0.1
Al Millar,millaal01,G,6,6,0,0,1,0.1
Mike Moffat,moffami01,G,18,18,0,0,7,1.7
Jack Norris,norrija01,G,23,58,0,0,20,3.8
Bernie Parent,parenbe01,G,57,608,0,0,271,124.9
Pete Peeters,peetepe01,G,171,489,0,0,246,85.6
Bob Perreault,perrebo01,G,22,31,0,0,8,3.4
Jim Pettie,pettiji01,G,21,21,0,0,9,2.8
Jacques Plante,plantja01,G,8,837,0,0,437,173.7
Felix Potvin,potvife01,G,28,635,0,0,266,106.3
Claude Pronovost,pronocl01,G,1,3,0,0,1,0.2
Bill Ranford,ranfobi01,G,122,647,0,0,240,92.1
Andrew Raycroft,raycran01,G,108,280,0,0,113,38.6
George Redding,reddige01,LW/D,1,33,3,2,5,0.3
Dave Reece,reeceda01,G,14,14,0,0,7,2.2
Vincent Riendeau,riendvi01,G,29,184,0,0,85,23.9
Pat Riggin,riggipa01,G,49,350,0,0,153,51.3
Bob Ring,ringbo01,G,1,1,0,0,0,-0.1
Moe Roberts,robermo01,G,2,10,0,0,3,-0.1
Roberto Romano,romanro01,G,1,126,0,0,46,21.8
Philippe Sauve,sauveph01,G,2,32,0,0,10,3.3
Terry Sawchuk,sawchte01,G,102,971,0,0,445,179.0
Paxton Schafer,schafpa01,G,3,3,0,0,0,-0.2
Steve Shields,shielst01,G,36,246,0,0,80,39.4
Jordan Sigalet,sigaljo01,G,1,1,0,0,0,0.0
Don Simmons,simmodo01,G,169,249,0,0,100,39.0
Peter Skudra,skudrpe01,G,25,146,0,0,51,14.3
Charles Stewart,stewach01,G,77,77,0,0,30,10.2
Jim Stewart,stewaji01,G,1,1,0,0,0,-0.3
Malcolm Subban,subbama01,G,2,45,0,0,21,5.8
Niklas Svedberg,svedbni01,G,19,19,0,0,8,3.0
Don Sylvestri,sylvedo01,G,3,3,0,0,0,0.3
Robbie Tallas,tallaro01,G,87,99,0,0,28,9.8
Hannu Toivonen,toivoha01,G,38,61,0,0,18,7.1
Jerry Toppazzini,toppaje01,RW,1,784,163,244,407,28.8
Marty Turco,turcoma01,G,5,543,0,0,275,83.9
Rogie Vachon,vachoro01,G,91,795,0,0,353,144.4
Kay Whitmore,whitmka01,G,5,155,0,0,60,16.4
Lefty Wilson,wilsole01,G,1,3,0,0,0,0.5
Hal Winkler,winklha01,G,67,75,0,0,35,15.9
Noel Acciari,acciano01,C,180,180,18,13,31,1.1
Rick Adduono,adduori01,C,1,4,0,0,0,-0.2
Kenny Agostino,agostke01,LW,5,85,8,22,30,1.9
Johnathan Aitken,aitkejo01,D,3,44,0,1,1,0.0
Andrew Alberts,alberan01,D,184,459,8,47,55,13.4
Gary Aldcorn,aldcoga01,LW,24,226,41,56,97,6.0
Bobby Allen,allenbo01,D,50,51,0,3,3,0.7
Earl Anderson,anderea01,RW,64,109,19,19,38,1.4
Dave Andreychuk*,andreda01,LW,63,1639,640,698,1338,124.4
John Arbour,arboujo01,D,6,106,1,9,10,3.6
Jamie Arniel,arnieja01,C,1,1,0,0,0,-0.1
Scott Arniel,arniesc01,LW,29,730,149,189,338,16.1
Barry Ashbee,ashbeba01,D,14,284,15,70,85,21.9
Brent Ashton,ashtobr01,LW,87,998,284,345,629,39.7
Steve Atkinson,atkinst01,RW,1,302,60,51,111,5.8
Ossie Aubuchon,aubucos01,LW,12,50,20,12,32,1.3
Pete Babando,babanpe01,LW,118,351,86,73,159,13.8
Murray Balfour,balfomu01,RW,15,306,67,90,157,11.8
Stan Baluik,baluist01,C,7,7,0,0,0,-0.2
Darren Banks,banksda01,LW,20,20,2,2,4,0.1
Ralph Barahona,barahra01,C,6,6,2,2,4,0.4
Dave Barr,barrda01,RW,12,614,128,204,332,19.9
Ed Barry,barryed01,LW,19,19,1,3,4,-0.1
Ray Barry,barryra01,C,18,18,1,2,3,-0.2
Matt Bartkowski,bartkma01,D,131,255,8,40,48,9.2
Jim Bartlett,bartlji01,LW,63,191,34,23,57,2.0
Shawn Bates,batessh01,C,135,465,72,126,198,15.0
Ken Baumgartner,baumgke01,LW,151,696,13,41,54,-6.6
Bob Beckett,beckebo01,C,68,68,7,6,13,-0.6
Clayton Beddoes,beddocl01,C,60,60,2,8,10,-0.7
Bob Beers,beersbo01,D,77,258,28,79,107,14.2
Steve Begin,beginst01,C,77,524,56,52,108,6.6
Ken Belanger,belanke01,LW,122,248,11,12,23,-0.2
Matt Beleskey,belesma01,LW,143,477,76,82,158,14.6
Bill Bennett,bennebi01,LW,7,31,4,7,11,0.3
Bobby Benson,bensobo01,D,8,8,0,2,2,-0.2
Paul Beraldo,beralpa01,RW,10,10,0,0,0,-0.4
Bryan Berard,berarbr01,D,80,619,76,247,323,45.4
Fred Bergdinon,bergdfr01,RW,2,2,0,0,0,-0.1
Phil Besler,besleph01,RW,8,30,1,4,5,-0.4
Sam Bettio,bettisa01,LW,44,44,9,12,21,1.5
Nick Beverley,beverni01,D,82,502,18,94,112,25.7
Jack Bionda,biondja01,D,80,93,3,9,12,5.7
Byron Bitz,bitzby01,RW,80,97,10,12,22,1.4
Anders Bjork,bjorkan01,LW,50,50,5,10,15,1.1
Don Blackburn,blackdo01,LW,6,185,23,44,67,2.0
Bob Blake,blakebo01,LW,12,12,0,0,0,1.0
Zdenek Blatny,blatnzd01,LW,5,25,3,0,3,0.1
Anton Blidh,blidhan01,LW,21,21,1,1,2,0.0
John Blum,blumjo01,D,169,250,7,34,41,12.2
Brandon Bochenski,bochebr01,RW,51,156,28,40,68,6.7
Gus Bodnar,bodnagu01,C,81,667,142,255,397,28.2
Andrew Bodnarchuk,bodnaan01,D,5,42,0,4,4,0.1
Ivan Boldirev,boldiiv01,C,13,1052,361,505,866,62.7
Buzz Boll,bollbu01,LW,82,437,133,130,263,24.9
Marcel Bonin,boninma01,W,67,454,97,175,272,24.0
Dennis Bonvie,bonvide01,RW,23,92,1,2,3,-0.7
Buddy Boone,boonebu01,RW,34,34,5,3,8,0.2
Billy Boucher,bouchbi01,RW,16,213,93,35,128,21.8
Chris Bourque,bourqch01,LW,18,51,2,6,8,-0.4
Paul Boutilier,boutipa01,D,52,288,27,83,110,17.4
Irwin Boyd,boydir01,RW,54,94,10,10,20,-0.3
Brad Boyes,boyesbr01,RW,144,822,211,294,505,53.8
John Brackenborough,brackjo01,LW/C,7,7,0,0,0,-0.4
Bart Bradley,bradlba01,C,1,1,0,0,0,0.0
Rich Brennan,brennri01,D,7,50,2,6,8,1.4
Tom Brennan,brennto01,RW,12,12,2,2,4,-0.1
Andy Brickley,brickan01,LW/C,177,385,82,140,222,12.5
Archie Briden,bridear01,LW,17,73,9,5,14,-0.1
Wade Brookbank,brookwa01,D,7,127,6,3,9,1.7
Adam Brown,brownad01,LW,33,392,104,114,218,15.1
Sean Brown,brownse01,D,81,436,14,43,57,11.7
Gordie Bruce,brucego01,LW,27,27,4,9,13,0.8
Ron Buchanan,bucharo01,C,3,5,0,0,0,-0.2
Billy Burch*,burchbi01,C/LW,25,390,136,60,196,40.2
Eddie Burke,burkeed01,RW/C,16,106,29,20,49,5.9
John Byce,bycejo01,C,21,21,2,3,5,0.0
Gord Byers,byersgo01,D,1,1,0,1,1,0.1
Jack Caffery,caffeja01,C,54,57,3,2,5,-0.8
Charles Cahill,cahilch01,RW,32,32,0,1,1,-1.4
Norm Calladine,callano01,C,63,63,19,29,48,2.0
Wade Campbell,campbwa01,D,28,213,9,27,36,7.0
Carter Camper,campeca01,C,3,3,1,0,1,0.2
Jack Capuano,capuaja01,D,2,6,0,0,0,0.1
Paul Carey,careypa01,C,2,99,8,8,16,0.5
Wayne Carleton,carlewa01,LW,111,278,55,73,128,7.7
Jordan Caron,caronjo01,RW,134,157,12,16,28,0.9
Bob Carpenter,carpebo01,C,187,1178,320,408,728,46.1
George Carroll,carroge01,D,10,14,0,0,0,-0.2
Bill Carson,carsobi01,C,64,159,54,27,81,19.9
Billy Carter,cartebi01,C,8,16,0,0,0,-0.5
John Carter,cartejo01,LW,185,244,40,50,90,3.4
Joe Carveth,carvejo01,RW,73,502,150,187,337,30.0
Colby Cave,caveco01,C,23,56,3,5,8,-0.2
Peter Cehlarik,cehlape01,LW,37,37,5,5,10,1.0
Murph Chamberlain,chambmu01,LW,45,510,100,175,275,19.9
Art Chapman,chapmar01,C,159,431,62,176,238,21.7
Dick Cherry,cherrdi01,D,6,145,12,10,22,6.9
Denis Chervyakov,chervde01,D,2,2,0,0,0,0.0
Art Chisholm,chishar01,C/D,3,3,0,0,0,-0.1
Stanislav Chistov,chistst01,LW,60,196,19,42,61,4.4
Dave Christian,chrisda01,RW,128,1009,340,433,773,54.4
Jack Church,churcja01,D,43,142,4,19,23,10.1
Dean Chynoweth,chynode01,D,94,241,4,18,22,7.1
Rob Cimetta,cimetro01,W,54,103,16,16,32,1.3
Gordie Clark,clarkgo01,RW,8,8,0,1,1,-0.3
Nobby Clark,clarkno01,D,2,2,0,0,0,0.2
Sprague Cleghorn*,cleghsp01,D,109,259,83,60,143,47.7
Connor Clifton,cliftco01,D,19,19,0,1,1,0.8
Paul Coffey*,coffepa01,D,18,1409,396,1135,1531,185.7
Roy Conacher*,conacro01,LW,166,490,226,201,427,50.8
Wayne Connelly,connewa01,C,169,543,133,174,307,21.1
Brett Connolly,connobr01,RW,76,427,79,76,155,15.8
Harry Connor,connoha01,LW,55,132,16,5,21,3.4
Bud Cook,cookbu02,C,28,50,5,4,9,0.0
Bun Cook*,cookbu01,LW,44,477,158,146,304,51.6
Lloyd Cook,cookll01,D,4,4,1,0,1,0.1
Carson Cooper,coopeca01,RW,66,295,110,62,172,38.3
Carl Corazzini,corazca01,C,12,19,2,1,3,0.3
Norm Corcoran,corcono01,C/RW,4,29,1,3,4,-0.5
Mark Cornforth,cornfma01,D,6,6,0,0,0,0.4
Joe Corvo,corvojo01,D,75,708,92,218,310,55.3
Murray Costello*,costemu01,C,95,163,13,19,32,-0.5
Alain Cote,coteal02,D,68,119,2,18,20,6.3
Billy Coutu,coutubi01,D,42,247,33,23,56,23.9
Charlie Coyle,coylech01,C/RW,21,500,93,155,248,24.9
Lou Crawford,crawflo01,LW,26,26,2,1,3,-0.4
Terry Crisp,crispte01,C,3,536,67,134,201,9.2
Tommy Cross,crossto01,D,3,3,0,1,1,0.0
Craig Cunningham,cunnicr01,RW,34,63,3,5,8,-0.2
Bill Cupolo,cupolbi01,RW,49,49,11,14,25,0.9
Brian Curran,currabr01,D,115,381,7,33,40,13.2
Austin Czarnik,czarnau01,C,59,113,11,24,35,2.0
Mariusz Czerkawski,czerkma01,RW,100,745,215,220,435,45.7
Kevin Dallman,dallmke01,D,21,154,8,23,31,5.1
Harold Darragh,darraha01,LW,24,307,68,49,117,18.9
Kaspars Daugavins,daugaka01,LW,6,91,6,9,15,0.0
Bob Davie,daviebo01,D,41,41,0,1,1,2.4
Lorne Davis,davislo01,RW,25,95,8,12,20,0.4
Murray Davison,davismu01,D,1,1,0,0,0,0.0
Jake Debrusk,debruja01,LW,138,138,43,42,85,10.1
Armand Delmonte,delmoar01,RW,1,1,0,0,0,0.0
Ab DeMarco,demarab01,C,4,210,72,95,167,12.3
Ab DeMarco,demarab02,D,3,344,44,80,124,26.6
Nathan Dempsey,dempsna01,D,17,260,21,67,88,15.2
Cy Denneny*,dennecy01,LW,23,329,247,89,336,58.4
Bill Derlago,derlabi01,C,39,555,189,227,416,26.7
Bob Dillabough,dillabo01,C,113,283,32,54,86,0.9
Brian Dobbin,dobbibr01,RW,7,63,7,8,15,-0.1
Clark Donatelli,donatcl01,LW,10,35,3,4,7,-0.6
Ryan Donato,donatry01,C,46,68,15,19,34,3.0
Dave Donnelly,donneda01,C,62,137,15,24,39,0.3
Shean Donovan,donovsh01,RW,76,951,112,129,241,13.3
Gary Dornhoefer,dornhga01,RW,62,787,214,328,542,43.9
Doug Doull,doulldo01,LW,35,37,0,1,1,0.0
Peter Douris,douripe01,RW,148,321,54,67,121,6.6
Aaron Downey,downeaa01,RW,1,243,8,10,18,0.5
P.C. Drouin,drouipc01,LW,3,3,0,0,0,0.0
Luc Dufour,dufoulu01,LW,114,167,23,21,44,0.5
Lorne Duguid,duguilo01,LW,31,136,9,15,24,-0.2
Dale Dunbar,dunbada01,D,1,2,0,0,0,0.1
Gerry Ehman,ehmange01,RW,1,429,96,118,214,15.1
Todd Elik,elikto01,C,90,448,110,219,329,24.4
Dave Ellett,elletda01,D,136,1129,153,415,568,88.4
Mikko Eloranta,elorami01,LW,118,264,32,44,76,5.4
David Emma,emmada01,C,5,34,5,6,11,0.4
John Emmons,emmonjo01,C,22,85,2,4,6,-0.9
Hap Emms,emmsha01,LW/D,10,330,36,53,89,5.0
Aut Erickson,erickau01,D,126,226,7,24,31,10.6
Grant Erickson,erickgr01,LW,2,6,1,0,1,-0.1
Bill Ezinicki,ezinibi01,RW,81,368,79,105,184,15.3
Glen Featherstone,feathgl01,D,99,384,19,61,80,21.0
Brian Ferlin,ferlibr01,RW,7,7,0,1,1,0.0
Landon Ferraro,ferrala01,C,58,77,7,5,12,0.3
Peter Ferraro,ferrape01,LW,51,92,9,15,24,1.6
Marcel Fillion,fillima01,LW,1,1,0,0,0,0.0
Tommy Filmore,filmoto01,RW,5,117,16,13,29,1.2
Ed Finnigan,finnied01,LW,3,15,1,0,1,-0.2
Dunc Fisher,fishedu01,RW,125,274,45,70,115,8.1
Tom Fitzgerald,fitzgto01,RW,71,1097,139,190,329,15.3
Reggie Fleming,flemire01,D/LW,101,749,108,132,240,8.9
Ron Flockhart,flockro02,C,4,453,145,183,328,21.6
Justin Florek,floreju01,LW,4,4,1,1,2,0.3
Mike Forbes,forbemi01,D,32,50,1,11,12,1.9
Jakob Forsbacka Karlsson,forsbja01,C,29,29,3,6,9,0.7
Yip Foster,fosteyi01,D,32,81,3,2,5,2.2
Matt Fraser,frasema02,LW,38,87,11,6,17,0.9
Trent Frederic,fredetr01,C,15,15,0,0,0,-0.4
Frank Fredrickson*,fredrfr01,C,80,161,39,34,73,15.2
Harry Frost,frostha01,RW,2,2,0,0,0,0.0
Art Gagne,gagnear01,RW,9,228,67,34,101,22.5
Pierre Gagne,gagnepi01,LW,2,2,0,0,0,-0.1
Simon Gagne,gagnesi01,LW,23,822,291,310,601,74.9
Johnny Gagnon,gagnojo01,RW,23,454,121,143,264,32.2
Dutch Gainor,gainodu01,C,164,247,51,56,107,18.5
Ray Gariepy,gariera01,D,35,36,1,6,7,2.0
Armand Gaudreault,gaudrar01,LW,45,45,15,9,24,1.4
Jean Gauthier,gauthje01,D,11,166,6,29,35,12.1
Gerry Geran,gerange01,C,33,37,5,1,6,0.2
Ray Getliffe,getlira01,C/LW,128,397,136,137,273,26.7
Barry Gibbs,gibbsba01,D,24,797,58,224,282,49.8
Doug Gibson,gibsodo01,C,52,63,9,19,28,1.2
Jeannot Gilbert,gilbeje01,C,9,9,0,1,1,-0.3
Mike Gillis,gillimi01,LW,125,246,33,43,76,0.4
Brian Gionta,giontbr01,RW,20,1026,291,304,595,67.7
Jonathan Girard,girarjo01,D,150,150,10,34,44,7.9
Art Giroux,girouar01,RW,10,54,6,4,10,0.2
Jean-Paul Gladu,gladuje01,LW,40,40,6,14,20,0.5
Matt Glennon,glennma01,LW,3,3,0,0,0,-0.1
Bill Goldsworthy,goldsbi01,RW,33,771,283,258,541,47.5
Leroy Goldsworthy,goldsle01,RW,93,336,66,57,123,11.9
Sergei Gonchar,gonchse01,D,15,1301,220,591,811,141.9
Fred Gordon,gordofr01,RW,43,81,8,7,15,1.0
Lee Goren,gorenle01,RW,35,67,5,4,9,0.0
Butch Goring,gorinbu01,C,39,1107,375,513,888,69.5
Bobby Gould,gouldbo01,RW,77,697,145,159,304,15.9
Bob Gracie,gracibo01,C/LW,23,380,82,110,192,20.5
Thomas Gradin,gradith01,C,64,677,209,384,593,40.8
Rod Graham,graharo01,LW,14,14,2,1,3,-0.1
Ted Graham,grahate01,D,49,347,14,26,40,25.6
Terry Gray,grayte01,RW,42,147,26,28,54,2.4
Red Green,greenre01,LW,22,195,60,27,87,15.3
Travis Green,greentr01,C,146,970,193,262,455,36.1
Seth Griffith,griffse01,C,34,79,8,11,19,1.2
Lloyd Gronsdahl,gronsll01,RW,10,10,1,2,3,0.1
Michal Grosek,grosemi01,LW,96,526,84,137,221,19.7
Lloyd Gross,grossll01,LW,6,52,11,4,15,1.8
Don Grosso,grossdo01,LW/C,33,335,87,117,204,14.1
John Gruden,grudejo01,D,59,92,1,8,9,3.4
Bob Gryp,grypbo01,LW,1,74,11,13,24,-0.1
Matt Grzelcyk,grzelma01,D,129,129,6,27,33,8.4
Paul Guay,guaypa01,RW,5,117,11,23,34,-0.5
Bill Guerin,gueribi01,RW,142,1263,429,427,856,94.3
Bep Guidolin,guidobe01,LW,195,519,107,171,278,17.1
Ben Guite,guitebe01,RW,1,175,19,26,45,2.7
Matti Hagman,hagmama01,C,90,237,56,89,145,7.5
Taylor Hall,hallta01,LW,7,41,7,9,16,0.2
Doug Halward,halwado01,D,65,653,69,224,293,41.1
Red Hamill,hamilre02,LW,59,429,128,94,222,16.3
Zach Hamill,hamilza01,C,20,20,0,4,4,0.2
Dougie Hamilton,hamildo01,D,178,505,82,177,259,47.7
Ken Hammond,hammoke01,D,1,193,18,29,47,6.1
Brett Harkins,harkibr01,LW,45,78,6,30,36,2.0
Walter Harnott,harnowa01,LW,6,6,0,0,0,-0.2
Hago Harrington,harriha01,LW,48,72,9,5,14,0.8
Henry Harris,harrihe01,RW,32,32,2,4,6,0.2
Smokey Harris,harrism01,LW,6,6,3,1,4,0.6
Ed Harrison,harried01,C/LW,189,194,27,24,51,1.7
Jim Harrison,harriji01,C,39,324,67,86,153,9.2
Greg Hawgood,hawgogr01,D,134,474,60,164,224,37.6
Jimmy Hayes,hayesji01,RW,133,334,54,55,109,10.1
Paul Haynes,haynepa01,C,30,384,61,133,194,17.1
Fern Headley,headlfe01,D,13,30,1,4,5,1.9
Eric Healey,healeer01,LW,2,2,0,0,0,0.0
Andy Hebenton,hebenan01,RW,70,630,189,202,391,34.9
Danton Heinen,heineda01,C/LW,162,162,27,54,81,8.0
Lionel Heinrich,heinrli01,LW,35,35,1,1,2,-0.8
Jay Henderson,hendeja01,LW,33,33,1,3,4,0.2
Josh Hennessy,hennejo01,C,3,23,1,0,1,-0.1
Jimmy Herbert,herbeji01,C/RW,112,206,83,34,117,28.0
Phil Hergesheimer,hergeph01,RW,3,125,21,41,62,4.1
Matt Herr,herrma01,C,3,58,4,5,9,0.3
Matt Hervey,hervema01,D,16,35,0,5,5,1.0
Obs Heximer,heximob01,LW/C,48,84,13,7,20,1.5
Wayne Hicks,hickswa01,RW,65,115,13,23,36,0.3
Andy Hilbert,hilbean01,C/LW,38,307,42,62,104,8.4
Mel Hill,hillme01,RW,131,324,89,108,197,16.2
Dutch Hiller,hilledu01,LW,44,382,91,112,203,14.8
Randy Hillier,hillira01,D,164,543,16,110,126,23.5
Floyd Hillman,hillmfl01,D,6,6,0,0,0,0.3
Larry Hillman,hillmla01,D,127,789,36,196,232,57.3
Shane Hnidy,hnidysh01,D,111,550,16,55,71,16.7
Ken Hodge,hodgeke02,C/RW,112,142,39,48,87,6.4
Ted Hodgson,hodgste01,RW,4,4,0,0,0,-0.1
Jeff Hoggan,hoggaje01,RW,47,107,2,9,11,-1.1
Benoit Hogue,hoguebe01,C,17,863,222,321,543,44.3
Nick Holden,holdeni01,D,18,435,39,88,127,26.1
Ron Hoover,hoovero01,C,17,18,4,0,4,0.1
Pete Horeck,horecpe01,LW,100,426,106,118,224,17.3
Nathan Horton,hortona01,RW,169,627,203,218,421,49.5
Marty Howe,howema01,D,78,197,2,29,31,9.6
Bill Huard,huardbi01,LW,2,223,16,18,34,-1.3
Brent Hughes,hughebr02,LW,191,357,41,39,80,1.2
Ryan Hughes,hughery01,C,3,3,0,0,0,-0.1
Joe Hulbig,hulbijo01,LW,31,55,4,4,8,-0.2
Ivan Huml,humliv01,LW,49,49,6,12,18,1.5
Matt Hunwick,hunwima01,D,164,535,25,94,119,22.6
Paul Hurley,hurlepa01,D,1,1,0,1,1,0.2
Jamie Huscroft,huscrja01,D,70,352,5,33,38,13.9
Bill Hutton,huttobi01,D/RW,29,64,3,1,4,-1.7
Dave Hynes,hynesda01,LW,22,22,4,0,4,0.0
Gord Hynes,hynesgo01,D,15,52,3,9,12,2.6
Al Iafrate,iafraal01,D,12,799,152,311,463,64.3
Jarome Iginla,iginlja01,RW,78,1554,625,675,1300,157.9
John Ingram,ingrajo01,C,1,1,0,0,0,-0.1
Ted Irvine,irvinte01,LW,1,724,154,177,331,18.8
Matt Irwin,irwinma01,D,2,323,22,57,79,17.7
Brad Isbister,isbisbr01,LW,58,541,106,116,222,19.4
Ric Jackman,jackmri01,D,2,231,19,58,77,8.8
Busher Jackson*,jacksbu01,LW,112,634,241,234,475,61.4
Stan Jackson,jacksst01,LW,52,86,9,9,18,-1.1
Walter Jackson,jackswa01,LW,2,84,16,11,27,2.5
Jaromir Jagr,jagrja01,RW,11,1733,766,1155,1921,217.1
Roger Jenkins,jenkiro01,RW/D,40,324,15,41,56,2.4
Bill Jennings,jennibi01,RW,39,108,32,34,66,4.3
Ed Jeremiah,jeremed01,RW/D,5,15,0,1,1,0.6
Frank Jerwa,jerwafr01,LW/D,65,81,11,16,27,2.3
Joe Jerwa,jerwajo01,D,39,234,29,58,87,23.9
Jeff Jillson,jillsje01,D,50,140,9,32,41,6.7
Marcus Johansson,johanma03,C/W,10,588,120,214,334,33.4
Aaron Johnson,johnsaa01,D,10,291,17,45,62,13.3
Nick Johnson,johnsni01,RW,9,113,14,23,37,3.1
Norm Johnson,johnsno01,C,54,61,5,20,25,0.9
Tom Johnson*,johnsto01,D,121,978,51,213,264,81.6
Greg Johnston,johnsgr01,RW,183,187,26,29,55,1.1
Ron Jones,jonesro01,D,8,54,1,4,5,0.7
Bob Joyce,joycebo01,LW,115,158,34,49,83,5.2
Joe Juneau,juneajo01,C,161,828,156,416,572,44.5
Milan Jurcina,jurcimi01,D,91,430,22,59,81,14.3
Tomas Kaberle,kaberto01,D,24,984,87,476,563,87.0
Walter Kalbfleisch,kalbfwa01,D,1,36,0,4,4,1.3
Petr Kalus,kaluspe01,LW,9,11,4,1,5,0.7
Max Kaminsky,kaminma01,C,75,130,22,34,56,5.6
Steven Kampfer,kampfst01,D,83,201,13,19,32,6.9
Martins Karsums,karsuma01,RW,6,24,1,5,6,-0.1
Alexei Kasatonov,kasatal01,D,63,383,38,122,160,30.5
Duke Keats*,keatsdu01,C,17,82,29,19,48,11.0
Jarmo Kekalainen,kekalja01,LW,27,55,5,8,13,0.0
Chris Kelleher,kellech01,D,1,1,0,0,0,0.0
Joonas Kemppainen,kemppjo01,LW,44,44,2,3,5,-0.4
Sheldon Kennedy,kennesh01,RW,56,310,49,58,107,3.7
Alexander Khokhlachev,khokhal01,C,9,9,0,0,0,-0.3
Dmitri Khristich,khrisdm01,LW/C,161,811,259,337,596,60.3
Darin Kimble,kimblda01,RW,55,311,23,20,43,-3.5
Lloyd Klein,kleinll01,LW,13,164,30,25,55,4.5
Joe Klukay,klukajo01,LW,150,566,109,127,236,20.3
Bill Knibbs,knibbbi01,C,53,53,7,10,17,0.4
Fred Knipscheer,knipsfr01,C,27,28,6,3,9,0.8
Chuck Kobasew,kobasch01,RW,158,601,110,100,210,19.7
Pavel Kolarik,kolarpa01,D,23,23,0,0,0,0.0
Russ Kopak,kopakru01,C,24,24,7,9,16,0.5
Doug Kostynski,kostydo01,C,15,15,3,1,4,0.2
Andrei Kovalenko,kovalan01,RW,76,620,173,206,379,33.5
Stephen Kraftcheck*,kraftst01,D,21,156,11,18,29,7.7
Skip Krake,krakesk01,C,87,249,23,40,63,-1.1
Mike Krushelnyski,krushmi01,LW/C,162,897,241,328,569,38.4
Karson Kuhlman,kuhlmka01,C,11,11,3,2,5,0.8
Arnie Kullman,kullmar01,C,13,13,0,1,1,-0.4
Jarno Kultanen,kultaja01,D,102,102,2,11,13,3.0
Sean Kuraly,kuralse01,C,154,154,14,22,36,1.9
Orland Kurtenbach,kurteor01,C,142,640,119,213,332,20.1
Zdenek Kutlak,kutlazd01,D,16,16,1,2,3,0.3
Dmitri Kvartalnov,kvartdm01,LW,112,112,42,49,91,7.4
Gus Kyle,kylegu01,D,69,203,6,20,26,11.1
Antti Laaksonen,laaksan01,LW,38,483,81,87,168,14.5
Guy Labrie,labrigu01,D,15,42,4,9,13,1.5
Dan LaCouture,lacouda01,LW,55,337,20,25,45,-0.2
Daniel Lacroix,lacroda01,LW,23,188,11,7,18,-2.5
Bobby Lalonde,lalonbo01,C,133,641,124,210,334,17.0
Joe Lamb,lambjo01,RW,90,443,110,101,211,26.2
Myles Lane,lanemy01,D,47,71,4,1,5,5.9
Robert Lang,langro01,C,3,989,261,442,703,70.3
Steve Langdon,langdst01,LW,7,7,0,1,1,-0.2
Josh Langfeld,langfjo01,RW,18,143,9,23,32,2.3
Albert Langlois,langlal01,D,65,498,21,91,112,31.6
Guy Lapointe*,lapoigu01,D,45,884,171,451,622,108.3
Drew Larman,larmadr01,C,4,26,2,1,3,0.1
Bonner Larose,larosbo01,LW,6,6,0,0,0,-0.3
Reed Larson,larsore01,D,141,904,222,463,685,89.7
Matt Lashoff,lashoma01,D,46,74,1,15,16,1.6
Martin Lauder,laudema01,D/C,3,3,0,0,0,0.2
Jeremy Lauzon,lauzoje01,D,16,16,1,0,1,0.4
Dominic Lavoie,lavoido01,D,2,38,5,8,13,2.2
Brian Lawton,lawtobr01,LW,8,483,112,154,266,14.5
Jeff Lazaro,lazarje01,LW,76,102,14,23,37,1.7
Jay Leach,leachja02,D,2,70,1,2,3,1.6
Larry Leach,leachla01,C,126,126,13,29,42,0.7
Reggie Leach,leachre01,RW,79,934,381,285,666,57.8
Patrick Leahy,leahypa01,RW,49,50,4,4,8,0.4
Rich LeDuc,leducri01,C,33,130,28,38,66,2.5
Grant Ledyard,ledyagr01,D,69,1028,90,276,366,63.2
Brian Leetch*,leetcbr01,D,61,1205,247,781,1028,146.6
Guillaume Lefebvre,lefebgu01,LW,1,39,2,4,6,0.0
Tommy Lehman,lehmato01,C,35,36,5,5,10,0.1
Mikko Lehtonen,lehtomi02,RW,2,2,0,0,0,-0.1
Bobby Leiter,leitebo01,C,135,447,98,126,224,13.0
Moe Lemay,lemaymo01,LW,14,317,72,94,166,8.5
Bill Lesuk,lesukbi01,LW,8,388,44,63,107,1.7
Pete Leswick,leswipe01,W,2,3,1,0,1,0.1
Normand Leveille,leveino01,LW,75,75,17,25,42,2.4
John-Michael Liles,lilesjo01,D,53,836,87,283,370,61.1
Matt Lindblad,lindbma01,C,4,4,0,0,0,-0.1
Ross Lonsberry,lonsbro01,LW,33,968,256,310,566,41.7
Jim Lorentz,lorenji01,C/RW,79,659,161,238,399,28.2
Ross Lowe,lowero01,D/LW,46,77,6,8,14,5.4
Morris Lukowich,lukowmo01,LW,36,582,199,219,418,26.9
Pentti Lund,lundpe01,RW,77,259,44,55,99,7.0
Vic Lynn,lynnvi01,LW/D,68,327,49,76,125,20.5
Ron Lyons,lyonsro01,LW,12,34,2,4,6,-0.6
Lane MacDermid,macdela01,LW,8,21,2,2,4,0.6
Craig MacDonald,macdocr01,LW,18,233,11,24,35,0.5
Parker MacDonald,macdopa01,C,29,676,144,179,323,23.5
Mickey MacKay*,mackami01,C,65,147,44,19,63,14.6
Mikko Makela,makelmi01,RW,11,423,118,147,265,17.1
Dean Malkoc,malkode01,D,73,116,1,3,4,1.3
Troy Mallette,malletr01,LW,68,456,51,68,119,1.5
Phil Maloney,malonph01,C,83,159,28,43,71,5.0
Ray Maluta,malutra01,D,25,25,2,3,5,1.2
Eric Manlow,manloer01,C,11,37,2,4,6,0.2
Cameron Mann,mannca01,RW,89,93,14,10,24,2.1
Ray Manson,mansora01,LW,1,2,0,1,1,0.0
Sylvio Mantha*,manthsy01,D,4,542,63,77,140,67.5
Paul Mara,marapa01,D,59,734,64,189,253,41.3
Frank Mario,mariofr01,C,53,53,9,19,28,1.1
Daniel Marois,maroida01,RW,22,350,117,93,210,14.2
Gilles Marotte,marotgi01,D,118,808,56,265,321,53.2
Mark Marquess,marquma01,RW,27,27,5,4,9,0.5
Clare Martin,marticl01,D,78,237,12,28,40,16.4
Frank Martin,martifr01,D,82,282,11,46,57,13.0
Pit Martin,martipi01,C,111,1101,324,485,809,69.9
Marquis Mathieu,mathima01,C,16,16,0,2,2,-0.1
Joe Matte,mattejo01,D,4,68,17,15,32,2.3
Wayne Maxner,maxnewa01,LW,61,61,8,9,17,0.1
Alan May,mayal01,RW,3,393,31,45,76,-2.0
Norm McAtee,mcateno01,C,13,13,0,1,1,-0.3
Charlie McAvoy,mcavoch01,D,117,117,14,46,60,12.5
Sandy McCarthy,mccarsa01,RW,37,736,72,76,148,4.3
Tom McCarthy,mccarto02,LW,75,460,178,221,399,30.5
Tom McCarthy,mccarto01,LW,24,60,8,9,17,0.3
Trent McCleary,mccletr01,RW,59,192,8,15,23,-1.8
Bob McCord,mccorbo01,D,108,316,10,58,68,15.7
Ab McDonald,mcdonab01,LW,60,762,182,248,430,35.4
Shawn McEachern,mceacsh01,RW,110,911,256,323,579,55.8
Jack McGill,mcgilja02,C,98,98,23,36,59,4.4
Dan McGillis,mcgilda01,D,90,634,56,182,238,48.7
Bert McInenly,mcinebe01,LW/D,42,166,19,15,34,14.4
Marty McInnis,mcinnma01,RW,96,796,170,250,420,33.8
Jack McIntyre,mcintja01,D,123,499,109,102,211,16.6
Walt McKechnie,mckecwa01,C,53,955,214,392,606,37.5
Andrew McKim,mckiman01,C,36,38,1,4,5,-0.7
Scott McLellan,mclelsc01,RW,2,2,0,0,0,-0.1
Mike McMahon,mcmahmi01,D,2,58,7,18,25,7.8
Sammy McManus,mcmansa01,LW,1,26,0,1,1,-0.6
Pat McReavy,mcreapa01,C,22,55,5,8,13,0.0
Marty McSorley,mcsorma01,D/RW,27,961,108,251,359,46.5
Harry Meeking,meekiha01,LW,26,64,19,13,32,0.9
Dick Meissner,meissdi01,RW,135,171,11,15,26,-3.0
Larry Melnyk,melnyla01,D,75,432,11,63,74,17.9
Andrej Meszaros,meszaan01,D,14,645,63,175,238,41.7
Glen Metropolit,metrogl01,C,82,407,57,102,159,13.6
Nick Mickoski,mickoni01,LW,18,705,158,185,343,29.4
Mike Millar,millami01,RW,15,78,18,18,36,2.0
Colin Miller,milleco02,D,103,250,22,77,99,16.4
Herb Mitchell,mitchhe01,LW,55,55,6,2,8,1.9
Sandy Moger,mogersa01,C,132,236,41,38,79,4.7
Carl Mokosak,mokosca01,LW,7,83,11,15,26,0.1
Steve Montador,montast01,D,13,571,33,98,131,27.8
Dominic Moore,mooredo01,C,82,897,106,176,282,19.2
John Moore,moorejo01,D,61,508,36,76,112,24.0
Ian Moran,morania01,D,55,489,21,50,71,9.1
Bernie Morris,morribe01,C/RW,6,6,1,1,2,-0.2
Derek Morris,morride01,D,58,1107,92,332,424,74.6
Jon Morris,morrijo02,C,4,103,16,33,49,2.4
Doug Morrison,morrido02,RW,23,23,7,3,10,0.7
Jim Morrison,morriji01,D,84,704,40,161,201,52.6
Shaone Morrisonn,morrish01,D,41,480,11,64,75,16.3
Joseph Morrow,morrojo02,D,65,162,9,23,32,5.4
Mike Mottau,mottami01,D,6,321,7,51,58,12.4
Alex Motter,motteal01,C,26,266,39,64,103,21.6
Mark Mowers,mowerma01,C,78,278,18,44,62,3.5
Joe Mullen*,mullejo01,RW,37,1062,502,561,1063,91.2
Gord Murphy,murphgo01,D,106,862,85,238,323,55.7
Joe Murphy,murphjo01,RW,26,779,233,295,528,46.8
Ron Murphy,murphro01,LW,133,889,205,274,479,38.4
Brantt Myhres,myhrebr01,RW,1,154,6,2,8,-1.5
Anders Myrvold,myrvoan01,D,9,33,0,5,5,0.5
Rick Nash,nashri01,LW,11,1060,437,368,805,102.6
Riley Nash,nashri02,C,157,477,56,95,151,12.3
Mats Naslund,nasluma01,LW,34,651,251,383,634,51.2
Andrei Nazarov,nazaran01,LW,110,571,53,71,124,5.0
Ray Neufeld,neufera01,RW,15,595,157,200,357,17.7
Al Nicholson,nichoal01,LW,19,19,0,1,1,-0.5
Eric Nickulas,nickuer01,RW,45,118,15,23,38,3.2
Graeme Nicolson,nicolgr01,D,1,52,2,7,9,1.7
Kirk Nielsen,nielski01,RW,6,6,0,0,0,-0.2
Kraig Nienhuis,nienhkr01,LW,87,87,20,16,36,1.2
Chris Nilan,nilanch01,RW,80,688,110,115,225,6.4
Jim Nill,nillji01,RW,76,524,58,87,145,-0.8
Petteri Nokelainen,nokelpe01,C,90,245,20,21,41,1.6
Joakim Nordstrom,nordsjo02,C,70,352,27,34,61,1.5
Peter Nordstrom,nordspe01,C,2,2,0,0,0,-0.1
Jeff Norton,nortoje01,D,3,799,52,332,384,56.2
Hank Nowak,nowakha01,LW,111,180,26,29,55,0.2
Michael Nylander,nylanmi01,C,15,920,209,470,679,65.0
Dennis O'Brien,obriede01,D,83,592,31,91,122,30.5
Ellard O'Brien,obrieel01,D,2,2,0,0,0,-0.1
Fred O'Donnell,odonnfr01,RW,115,115,15,11,26,-0.5
Bill O'Dwyer,odwyebi01,C,102,120,9,13,22,-1.0
Rob O'Gara,ogararo01,D,11,33,0,3,3,0.4
Jim O'Neil,oneilji01,C/RW,140,156,6,30,36,0.6
Paul O'Neil,oneilpa01,C/RW,1,6,0,0,0,-0.3
Willie O'Ree*,oreewi01,W,45,45,4,10,14,0.0
Chris Oddleifson,oddlech01,C,55,524,95,191,286,15.9
Jeff Odgers,odgerje01,RW,80,821,75,70,145,0.0
Krzysztof Oliwa,oliwakr01,LW,33,410,17,28,45,0.7
Colton Orr,orrco01,RW,21,477,12,12,24,-2.4
Gerry Ouellette,ouellge01,RW,35,35,5,4,9,0.0
George Owen,owenge01,D,183,183,44,33,77,32.6
Clayton Pachal,pachacl01,C/LW,11,35,2,3,5,-0.7
Samuel Pahlsson,pahlssa01,C,17,798,68,131,199,4.0
Aldo Palazzari,palazal01,RW,24,35,8,3,11,-0.3
Brad Palmer,palmebr01,LW,73,168,32,38,70,1.8
Ed Panagabko,panaged01,C,29,29,0,3,3,-0.6
Jay Pandolfo,pandoja01,LW,18,899,100,126,226,11.8
Grigori Panteleev,pantegr01,LW,50,54,8,6,14,0.0
J.P. Parise,parisjp01,LW,21,890,238,356,594,45.5
Dave Pasin,pasinda01,RW,71,76,18,19,37,1.7
George Patterson,pattege01,W,6,270,51,27,78,8.8
Davis Payne,payneda01,LW,22,22,0,1,1,-0.6
Scott Pellerin,pellesc01,LW,35,536,72,126,198,14.3
Pascal Pelletier,pellepa01,LW,6,16,0,0,0,-0.5
Jeff Penner,penneje01,D,2,2,0,0,0,0.0
Cliff Pennington,pennicl01,C,98,102,17,42,59,2.6
Garry Peters,peterga01,C,2,311,34,34,68,-1.3
Jimmy Peters,peterji01,RW,97,574,125,150,275,24.7
Eric Pettinger,pettier01,LW/C,18,98,7,12,19,0.0
Gord Pettinger,pettigo01,C,106,292,42,72,114,11.2
Rich Peverley,peverri01,C,127,442,84,157,241,22.0
Harry Pidhirny,pidhiha01,C,2,2,0,0,0,-0.1
Willi Plett,plettwi01,RW,65,834,222,215,437,24.8
Ray Podloski,podlora01,C,8,8,0,1,1,-0.1
Bud Poile*,poilebu01,RW,38,311,107,122,229,22.2
Dan Poliziani*,polizda01,RW,1,1,0,0,0,0.0
Poul Popiel,popiepo01,D,4,225,13,41,54,12.1
Peter Popovic,popovpe01,D,60,485,10,63,73,18.5
Jack Portland,portlja01,D,188,388,15,56,71,29.7
Paul Postma,postmpa01,D,14,205,10,25,35,6.1
Corey Potter,potteco01,D,3,130,8,24,32,5.9
Marc Potvin,potvima01,RW,33,121,3,5,8,-3.0
Dave Poulin,poulida02,C,165,724,205,325,530,40.3
Benoit Pouliot,poulibe01,LW,74,625,130,133,263,30.9
Petr Prajsler,prajspe01,D,3,46,3,10,13,1.7
Babe Pratt*,prattba01,D,31,518,83,210,293,64.7
Jack Pratt,prattja01,C/D,37,37,2,0,2,-0.6
Dean Prentice,prentde01,LW,170,1378,391,469,860,72.2
Wayne Primeau,primewa01,C,101,774,69,125,194,5.4
Sean Pronger,prongse01,C,11,260,23,36,59,1.4
Andre Pronovost,pronoan01,LW,138,557,94,104,198,10.4
Brian Propp,proppbr01,LW,14,1016,425,579,1004,83.6
Joel Prpic,prpicjo01,C,15,18,0,3,3,-0.1
Jean Pusie,pusieje01,D,8,65,1,4,5,3.5
Max Quackenbush,quackma01,D,47,61,4,7,11,3.3
John Quilty,quiltjo01,C,10,125,36,34,70,6.3
Stephane Quintal,quintst01,D,158,1037,63,180,243,50.5
Tyler Randell,randety01,RW,27,27,6,0,6,0.9
George Ranieri,raniege01,LW,2,2,0,0,0,-0.1
Jake Rathwell,rathwja01,RW,1,1,0,0,0,0.0
Matt Ravlich,ravlima01,D,33,411,12,78,90,24.6
Terry Reardon,reardte01,C/RW,148,194,47,53,100,7.4
Marty Reasoner,reasoma01,C,19,798,97,169,266,17.7
Mark Recchi*,recchma01,RW,180,1652,577,956,1533,147.5
Gord Redahl,redahgo01,RW,18,18,0,1,1,-0.5
Wade Redden,reddewa01,D,6,1023,109,348,457,95.0
George Redding,reddige01,LW/D,33,33,3,2,5,0.3
Larry Regan,reganla01,RW,164,280,41,95,136,9.0
Dutch Reibel,reibedu01,C,63,409,84,161,245,24.5
Jeremy Reich,reichje01,LW,90,99,2,4,6,-1.3
Ed Reigle,reigled01,D,17,17,0,2,2,0.8
Stephane Richer,richest01,D,21,27,1,5,6,0.9
Barry Richter,richtba01,D,50,151,11,34,45,8.1
Jack Riley,rileyja01,C,8,104,10,22,32,1.8
Zac Rinaldo,rinalza01,C,52,351,15,22,37,-1.2
Vic Ripley,riplevi01,LW,37,280,51,49,100,11.9
Alan Rittinger,rittial01,W,19,19,3,7,10,0.0
Jamie Rivers,riverja01,D,64,454,17,49,66,15.7
Wayne Rivers,riverwa01,RW,80,108,15,30,45,2.0
Doug Roberts,roberdo01,RW,55,419,43,104,147,9.2
Gordie Roberts,robergo02,D,124,1097,61,359,420,68.9
Bobby Robins,robinbo01,C,3,3,0,0,0,0.0
Nathan Robinson,robinna01,C,2,7,0,0,0,-0.1
Randy Robitaille,robitra01,C,9,531,84,172,256,20.7
Earl Roche,rocheea01,LW,3,147,25,27,52,4.3
Eddie Rodden,roddeed01,C,11,90,6,14,20,0.7
Jon Rohloff,rohlojo01,D,150,150,7,25,32,6.4
Dale Rolfe,rolfeda01,D,3,509,25,125,150,35.2
Bobby Rowe,rowebo01,RW/D,4,4,1,0,1,0.1
Andre Roy,royan01,RW,13,515,35,33,68,4.3
Jean-Yves Roy,royje01,RW,54,61,12,16,28,2.0
Gino Rozzini,rozzigi01,C,31,31,5,10,15,0.4
Kent Ruhnke,ruhnkke01,RW,2,2,0,1,1,0.0
Paul Runge,rungepa01,C/LW,48,142,18,22,40,2.4
Vladimir Ruzicka,ruzicvl01,C,166,233,82,85,167,11.9
Martin Samuelsson,samuema01,RW,14,14,0,1,1,-0.2
Craig Sarner,sarnecr01,RW,7,7,0,0,0,-0.3
Miroslav Satan,satanmi01,LW,38,1050,363,372,735,82.3
Glen Sather*,sathegl01,LW,146,658,80,113,193,3.4
Max Sauve,sauvema01,C,1,1,0,0,0,0.0
Andre Savage,savagan01,C,50,66,10,14,24,2.1
Tony Savage,savagto01,D,8,49,1,5,6,2.4
Kevin Sawyer,sawyeke01,LW,4,110,3,3,6,-0.4
Dave Scatchard,scatcda01,C,16,659,128,141,269,24.3
Peter Schaefer,schaepe01,LW,63,572,99,162,261,23.8
Tim Schaller,schalti01,LW,141,223,24,27,51,3.2
Chuck Scherza,scherch01,LW/C,9,36,6,6,12,-0.3
Clarence Schmidt,schmicl01,RW,7,7,1,0,1,-0.2
Jackie Schmidt,schmija01,LW,45,45,6,7,13,-0.1
Otto Schmidt,schmiot01,D,2,2,0,0,0,0.0
Werner Schnarr,schnawe01,C,26,26,0,0,0,-2.0
Danny Schock,schocda01,LW,6,20,1,2,3,-0.3
Ron Schock,schocro01,C,128,909,166,351,517,30.4
Jim Schoenfeld,schoeji01,D,39,719,51,204,255,62.5
Al Secord,secoral01,LW,166,766,273,223,496,33.5
Zachary Senyshyn,senysza01,RW,2,2,1,0,1,0.2
Jeff Serowik,serowje01,D,1,28,0,6,6,0.7
Eddie Shack,shacked01,LW,120,1047,239,226,465,30.7
Yevgeny Shaldybin,shaldye01,D,3,3,1,0,1,0.1
Sean Shanahan,shanase01,C/RW,6,40,1,3,4,-1.1
Gerry Shannon,shannge01,LW,39,180,23,29,52,2.8
David Shaw,shawda01,D,176,769,41,153,194,42.2
Norm Shay,shayno01,D/RW,31,53,5,5,10,-1.1
Johnny Sheppard,sheppjo01,LW,3,311,69,58,127,19.2
Jack Shewchuk,shewcja01,D,187,187,9,19,28,13.0
Al Shields,shielal01,D,19,459,42,47,89,31.2
Bill Shill,shillbi01,RW,79,79,21,13,34,2.6
Jack Shill,shillja01,C,45,160,15,20,35,0.4
Bruce Shoebottom,shoebbr01,D,35,35,1,4,5,1.9
Babe Siebert*,siebeba01,LW/D,125,594,140,154,294,47.0
Jonathan Sigalet,sigaljo02,D,1,1,0,0,0,-0.1
Dave Silk,silkda01,RW,64,249,54,59,113,4.6
Al Simmons,simmoal01,D,10,11,0,1,1,0.2
Frank Simonetti,simonfr01,D,115,115,5,8,13,4.7
Alf Skinner,skinnal01,RW,10,71,26,12,38,1.5
Petri Skriko,skrikpe01,RW,37,541,183,222,405,28.2
Jiri Slegr,slegrji01,D,68,622,56,193,249,43.8
Louis Sleigher,sleiglo01,RW,83,194,46,53,99,5.2
Don Smillie,smilldo01,LW,12,12,2,2,4,0.3
Alex Smith,smithal02,D,61,443,41,51,92,48.0
Barry Smith,smithba01,C,19,114,7,7,14,-1.7
Brandon Smith,smithbr04,D,30,33,3,4,7,1.3
Des Smith,smithde01,D,113,195,22,26,48,16.7
Floyd Smith,smithfl01,RW,27,617,129,178,307,22.1
Gemel Smith,smithge02,C,3,80,11,9,20,2.0
Hooley Smith*,smithho01,C/RW,44,717,200,226,426,65.2
Reilly Smith,smithre01,RW,163,506,117,183,300,34.4
Bryan Smolinski,smolibr01,C,136,1056,274,377,651,63.6
Vladimir Sobotka,sobotvl01,C,134,532,52,116,168,10.7
Carl Soderberg,soderca01,C,161,482,86,159,245,21.8
Tom Songin,songito01,RW,43,43,5,5,10,-0.2
Emory Sparrow,sparrem01,RW/C,8,8,0,0,0,-0.6
Bill Speer,speerbi01,D,28,130,5,20,25,6.6
Irv Spencer,spencir01,D,69,230,12,38,50,10.4
Frank Spring,sprinfr01,RW,1,61,14,20,34,2.2
Martin St. Pierre,stpiema01,C,14,39,3,5,8,-0.1
Drew Stafford,staffdr01,RW,18,841,196,232,428,43.6
Steve Staios,staiost01,D,66,1001,56,164,220,37.0
Allan Stanley*,stanlal01,D,129,1244,100,333,433,103.6
Paul Stanton,stantpa01,D,71,295,14,49,63,12.2
Pat Stapleton,staplpa01,D,90,635,43,294,337,63.7
Yan Stastny,stastya01,C,38,91,6,10,16,0.0
Lee Stempniak,stemple01,RW,21,911,203,266,469,47.5
Kevin Stevens,steveke01,LW,41,874,329,397,726,60.5
Mike Stevens,stevemi01,LW,7,23,1,4,5,-0.2
Phil Stevens,steveph01,C/D,17,25,1,0,1,1.3
Shayne Stevenson,stevesh01,RW,19,27,0,2,2,-0.7
Allan Stewart,stewaal01,LW,4,64,6,4,10,-0.7
Bob Stewart,stewabo01,D,8,575,27,101,128,19.1
Cam Stewart,stewaca01,LW,83,202,16,23,39,0.9
Nels Stewart*,stewane01,C,153,650,324,191,515,101.3
Ron Stewart,stewaro01,RW,126,1353,276,253,529,38.1
P.J. Stock,stockpj01,C,130,235,5,21,26,0.0
Billy Stuart,stuarbi01,D,101,195,30,19,49,16.1
Brad Stuart,stuarbr02,D,103,1056,80,255,335,66.0
Mike Sullivan,sullimi01,C,77,709,54,82,136,-2.0
Red Sullivan,sullire01,C,102,557,107,239,346,27.1
Max Sutherland,suthema01,LW,2,2,0,0,0,0.1
Ron Sutter,suttero01,C,18,1093,205,330,535,31.0
Tim Sweeney,sweenti01,LW,91,291,55,83,138,10.3
Jordan Szwarz,szwarjo01,RW,12,47,4,3,7,-0.1
Maxime Talbot,talboma01,C,56,704,91,113,204,12.4
David Tanabe,tanabda01,D,54,449,30,84,114,21.4
Jamie Tardif,tardija01,RW,2,2,0,0,0,0.0
Mikhail Tatarinov,tatarmi01,D,2,161,21,48,69,12.6
Billy Taylor,taylobi01,C,39,321,87,179,266,23.1
Bob Taylor,taylobo01,RW,6,6,0,0,0,-0.2
Chris Taylor,tayloch01,C,37,149,11,21,32,1.5
Tim Taylor,tayloti01,C,128,746,73,94,167,5.2
Skip Teal,tealsk01,C,1,1,0,0,0,0.0
Petr Tenkrat,tenkrpe01,RW,64,177,22,30,52,2.9
Orval Tessier,tessior01,C,55,59,5,7,12,-0.3
Mats Thelin,thelima01,D,163,163,8,19,27,8.1
Dave Thomlinson,thomlda01,LW,12,42,1,3,4,-1.2
Cliff Thompson,thompcl01,D,16,16,0,1,1,0.9
Nate Thompson,thompna01,C,4,697,58,83,141,3.3
Bill Thoms,thomsbi01,C,17,549,135,207,342,37.5
Mattias Timander,timanma01,D,146,419,13,57,70,14.4
Rick Tocchet,tocchri01,RW,67,1144,440,512,952,85.8
Zellio Toppazzini,toppaze01,RW,45,123,21,21,42,2.6
Bill Touhey,touhebi01,LW,26,280,65,38,103,14.4
Graeme Townshend,townsgr01,RW,22,45,3,7,10,-0.1
Patrick Traverse,travepa01,D,37,279,14,51,65,14.1
Zach Trotman,trotmza01,D,67,83,3,10,13,2.9
Gord Turlik,turligo01,LW/C,2,2,0,0,0,-0.1
Tony Tuzzolino,tuzzoto01,RW,2,9,0,0,0,-0.2
Urho Vaakanainen,vaakaur01,D,2,2,0,0,0,-0.1
Dennis Vaske,vaskede01,D,3,235,5,41,46,12.3
Frank Vatrano,vatrafr01,LW,108,205,49,29,78,8.5
Kris Vernarsky,vernakr01,C,17,17,1,0,1,-0.2
Jim Vesey,veseyji01,C/RW,4,15,1,2,3,-0.2
Terry Virtue,virtute01,D,4,5,0,0,0,0.1
Phil Von Stefenelli,vonstph01,D,27,33,0,5,5,1.3
Chris Wagner,wagnech01,C,76,250,29,19,48,2.8
Ben Walter,waltebe01,C,10,24,1,0,1,-0.2
Mike Walton,waltomi01,C,168,588,201,247,448,37.4
Wes Walz,walzwe01,C,73,607,109,151,260,22.8
Aaron Ward,wardaa01,D,150,839,44,107,151,34.0
Dixon Ward,warddi01,RW,63,537,95,129,224,17.2
Don Ward,warddo01,D,31,34,0,1,1,0.9
David Warsofsky,warsoda01,D,10,55,2,9,11,1.6
Grant Warwick,warwigr01,RW,76,395,147,142,289,25.9
Joe Watson,watsojo01,D,74,836,38,178,216,58.9
Tom Webster,webstto01,RW,11,102,33,42,75,5.0
Eric Weinrich,weinrer01,D,22,1157,70,318,388,82.0
Trent Whitfield,whitftr01,C,17,194,11,18,29,0.8
Archie Wilcox,wilcoar01,RW/D,13,208,8,14,22,12.9
Barry Wilkins,wilkiba01,D,8,418,27,125,152,22.0
John Wilkinson,wilkijo01,D,9,9,0,0,0,0.1
Burr Williams,willibu01,D,7,22,0,1,1,1.2
Landon Wilson,wilsola02,RW,130,375,53,66,119,10.4
Wally Wilson,wilsowa01,C,53,53,11,8,19,1.4
Tommy Wingels,wingeto01,C,18,448,62,81,143,11.0
Chris Winnes,winnech01,RW,29,33,1,6,7,-0.3
Eddie Wiseman,wisemed01,RW,111,456,114,165,279,30.5
Bob Woytowich,woytobo01,D,154,504,32,126,158,29.4
Andy Wozniewski,woznian01,D,2,79,2,10,12,2.0
Ken Yackel,yackeke01,RW,6,6,0,0,0,-0.2
Stephane Yelle,yellest01,C,77,991,96,169,265,12.2
Jason York,yorkja01,D,49,757,42,187,229,48.8
C.J. Young,youngcj01,RW,15,43,7,7,14,0.3
Rob Zamuner,zamunro01,LW,178,798,139,172,311,23.3
Greg Zanon,zanongr01,D,17,493,12,50,62,18.1
Joe Zanussi,zanusjo01,D,68,87,1,13,14,4.0
Jakub Zboril,zborija01,D,2,2,0,0,0,0.0
Jeff Zehr,zehrje01,LW,4,4,0,0,0,-0.1
Alex Zhamnov,zhamnal01,C,24,807,249,470,719,68.0
Sergei Zholtok,zholtse01,C,25,588,111,147,258,24.3
Sergei Zinovjev,zinovse01,C/LW,10,10,0,1,1,0.0
Rick Zombo,zombori01,D,67,652,24,130,154,32.0
