Red Almas,almasre01,G,1,3,0,0,0,0.0
Craig Anderson,andercr01,G,56,614,0,0,278,116.0
Hank Bassen,basseha01,G,33,157,0,0,47,21.6
Jean-Francois Berube,berubje02,G,13,34,0,0,9,3.5
Paul Bibeault,bibeapa01,G,41,215,0,0,81,31.0
Brian Boucher,bouchbr01,G,15,328,0,0,120,43.0
Frank Brimsek,brimsfr01,G,70,514,0,0,252,95.4
Ken Brown,brownke01,G,1,1,0,0,0,0.0
Sebastien Caron,caronse01,G,1,95,0,0,26,11.8
Lorne Chabot,chabolo01,G,48,412,0,0,200,75.3
Alain Chevrier,chevral01,G,66,234,0,0,91,26.0
Chris Clifford,cliffch01,G,2,2,0,0,0,0.1
Jacques Cloutier,cloutja01,G,53,255,0,0,82,31.9
Tom Cook,cookto01,C,1,348,76,98,174,20.5
Wilf Cude,cudewi01,G,1,281,0,0,98,33.2
Scott Darling,darlisc01,G,75,126,0,0,54,18.5
Collin Delia,deliaco01,G,18,18,0,0,7,3.1
Gerry Desjardins,desjage01,G,32,332,0,0,123,47.5
Bill Dickie,dickibi01,G,1,1,0,0,1,0.2
Dave Dryden,drydeda01,G,68,203,0,0,69,26.7
Michel Dumas,dumasmi01,G,8,8,0,0,2,0.6
Ray Emery,emeryra01,G,55,287,0,0,145,42.3
Mark Fitzpatrick,fitzpma01,G,27,329,0,0,113,52.5
Anton Forsberg,forsban01,G,35,45,0,0,11,5.1
Scott Foster,fostesc01,G,1,1,0,0,0,0.1
Emile Francis,francem01,G,73,95,0,0,32,8.1
Ray Frederick,fredera01,G,5,5,0,0,0,-0.2
Bert Gardiner,gardibe01,G,50,144,0,0,49,19.2
Jack Gelineau,gelinja01,G,2,143,0,0,46,17.3
Jeff Glass,glassje01,G,15,15,0,0,3,1.8
Paul Goodman,goodmpa01,G,52,52,0,0,23,10.6
Jeff Hackett,hackeje01,G,173,500,0,0,166,82.6
Dominik Hasek,hasekdo01,G,25,735,0,0,389,156.8
Jim Henry,henryji01,G,60,405,0,0,161,57.9
Hec Highton,highthe01,G,24,24,0,0,10,3.3
Cristobal Huet,huetcr01,G,89,272,0,0,129,48.2
Carter Hutton,huttoca01,G,1,188,0,0,81,28.9
Doug Jackson,jacksdo01,G,6,6,0,0,1,-1.4
Bob Janecyk,janecbo01,G,8,111,0,0,44,15.7
Eddie Johnston,johnsed01,G,4,592,0,0,236,81.2
Patrick Lalime,lalimpa01,G,44,444,0,0,200,65.5
Marc Lamothe,lamotma01,G,2,4,0,0,2,0.3
Michel Larocque,larocmi02,G,3,3,0,0,0,0.0
Ray LeBlanc,leblara01,G,1,1,0,0,1,0.2
Hugh Lehman,lehmahu01,G,48,48,0,0,20,2.3
Michael Leighton,leighmi01,G,43,110,0,0,37,14.5
Sam LoPresti,lopresa01,G,74,74,0,0,30,10.1
Harry Lumley,lumleha01,G,134,803,0,0,330,133.6
Jean Marois,maroije01,G,2,3,0,0,1,-0.2
Bob Mason,masonbo01,G,41,145,0,0,55,22.2
Gilles Meloche,melocgi01,G,2,788,0,0,270,113.8
Greg Millen,millegr01,G,13,604,0,0,215,84.6
Adam Munro,munroad01,G,17,17,0,0,4,1.8
Antti Niemi,niemian02,G,42,464,0,0,242,73.8
Jack Norris,norrija01,G,10,58,0,0,20,3.8
Darren Pang,pangda01,G,81,81,0,0,27,13.6
Steve Passmore,passmst01,G,73,93,0,0,23,10.9
Marcel Pelletier,pellema01,G,6,8,0,0,1,-0.3
Antti Raanta,raantan01,G,39,153,0,0,73,26.8
Moe Roberts,robermo01,G,1,10,0,0,3,-0.1
Bob Sauve,sauvebo01,G,84,420,0,0,182,69.1
Kent Simpson,simpske01,G,1,1,0,0,0,-0.1
Warren Skorodenski,skorowa01,G,32,35,0,0,12,6.7
Gary Smith,smithga01,G,51,531,0,0,174,69.8
Christian Soucy,soucych01,G,1,1,0,0,0,0.0
Doug Stevenson,stevedo01,G,4,8,0,0,2,0.5
Robbie Tallas,tallaro01,G,12,99,0,0,28,9.8
Chris Terreri,terrech01,G,28,406,0,0,151,57.4
Andrei Trefilov,trefian01,G,7,54,0,0,12,7.6
Marty Turco,turcoma01,G,29,543,0,0,275,83.9
Matt Underhill,underma01,G,1,1,0,0,0,0.1
Mike Veisor,veisomi01,G,62,139,0,0,41,16.0
Gilles Villemure,villegi01,G,21,205,0,0,100,38.1
Jimmy Waite,waiteji01,G,58,106,0,0,28,8.3
Cam Ward,wardca01,G,33,701,0,0,334,113.8
Spencer Abbott,abbotsp01,LW,1,2,0,0,0,-0.1
Sid Abel*,abelsi01,C/LW,42,612,188,284,472,49.4
Craig Adams,adamscr01,RW,71,951,55,105,160,1.9
Kevyn Adams,adamske01,C,27,540,59,77,136,7.6
Stew Adams,adamsst01,LW,85,93,9,26,35,2.5
Rudy Ahlin,ahlinru01,LW,1,1,0,0,0,0.0
Johnathan Aitken,aitkejo01,D,41,44,0,1,1,0.0
Nikita Alexeev,alexeni01,RW,15,159,20,17,37,2.4
Jamie Allison,allisja01,D,142,372,7,23,30,6.3
Alexander Andrievski,andrial01,RW,1,1,0,0,0,0.0
Darrel Anholt,anholda01,D,1,1,0,0,0,0.1
Al Arbour*,arboual01,D,180,626,12,58,70,39.3
Ty Arbour,arbouty01,LW,160,207,28,28,56,4.7
Michel Archambault,archami01,LW,3,3,0,0,0,-0.2
Denis Arkhipov,arkhide01,C,79,352,56,82,138,10.8
Frank Ashworth,ashwofr01,C,18,18,5,4,9,0.5
Blair Atcheynum,atchebl01,RW,66,196,27,33,60,3.4
Adrian Aucoin,aucoiad01,D,92,1108,121,278,399,80.9
Pete Babando,babanpe01,LW,148,351,86,73,159,13.8
Anton Babchuk,babchan01,D,22,289,36,71,107,21.1
Ralph Backstrom,backsra01,C,16,1032,278,361,639,54.8
Bob Bailey,bailebo01,RW,28,149,15,21,36,1.2
Doug Baldwin,baldwdo01,D,5,24,0,1,1,0.8
Steve Bancroft,bancrst01,D,1,6,0,1,1,0.0
Michal Barinka,barinmi01,D,34,34,0,2,2,-0.2
Doug Barkley,barkldo01,D,6,253,24,80,104,23.3
Matthew Barnaby,barnama01,RW,82,834,113,187,300,22.9
Milan Bartovic,bartomi01,RW,24,50,3,14,17,1.3
Bob Bassen,bassebo01,C,55,765,88,144,232,6.3
Nolan Baumgartner,baumgno01,D,8,143,7,40,47,8.4
Kyle Baun,baunky01,RW,5,5,0,0,0,-0.2
James Bedard,bedarja01,D,22,22,1,1,2,0.3
Adam Bennett,bennead01,D,21,69,3,8,11,2.8
Reg Bentley,bentlre01,LW,11,11,1,2,3,-0.1
Bryan Berard,berarbr01,D,58,619,76,247,323,45.4
Sergei Berezin,berezse01,LW,66,502,160,126,286,33.0
Adam Berti,bertiad01,LW,2,2,0,0,0,0.0
Phil Besler,besleph01,RW,17,30,1,4,5,-0.4
Radim Bicanek,bicanra01,D,18,122,1,11,12,3.4
James Black,blackja01,LW,129,352,58,57,115,8.6
Steve Black,blackst01,LW,39,113,11,20,31,0.7
Hank Blade,bladeha01,LW,24,24,2,3,5,-0.4
Andy Blair,blairan01,C,44,405,74,87,161,19.9
Russ Blinco,blincru01,C,48,265,59,66,125,14.1
Mike Blunden,blundmi01,RW,10,127,7,6,13,0.1
Brandon Bochenski,bochebr01,RW,30,156,28,40,68,6.7
Brandon Bollig,bollibr01,LW,125,241,10,13,23,-1.5
Peter Bondra,bondrpe01,RW,37,1081,503,389,892,104.3
Dennis Bonvie,bonvide01,RW,11,92,1,2,3,-0.7
Christian Bordeleau,bordech01,C,25,205,38,65,103,7.2
Helge Bostrom,bostrhe01,D,96,96,3,3,6,7.6
Georges Boucher*,bouchge01,D,43,450,118,87,205,77.5
Bruce Boudreau,boudrbr01,C,7,141,28,42,70,3.5
Andre Boudrias,boudran01,LW,20,662,151,340,491,35.6
Lance Bouma,boumala01,C,53,357,30,46,76,4.3
Rene Bourque,bourqre01,RW,183,725,163,153,316,30.4
Kirk Bowman,bowmaki01,LW,88,88,11,17,28,0.9
Randy Boyd,boydra01,D,26,257,20,67,87,13.4
Wally Boyer,boyerwa01,C,42,365,54,105,159,9.6
Nick Boynton,boyntni01,D,48,605,34,110,144,30.0
Russ Brayshaw,braysru01,LW,43,43,5,9,14,-0.1
John Brenneman,brennjo01,LW,17,152,21,19,40,0.8
Tim Brent,brentti01,C,2,207,21,27,48,3.1
Joe Bretto,brettjo01,D,3,3,0,0,0,0.1
Milt Brink,brinkmi01,C,5,5,0,0,0,-0.2
Sheldon Brookbank,brooksh01,D,74,351,7,37,44,11.5
Evan Brophey,brophev01,C,1,4,0,0,0,0.0
Brad Brown,brownbr01,D,118,330,2,27,29,6.0
Curtis Brown,browncu01,C/LW,71,736,129,171,300,28.9
Mike Brown,brownmi01,LW,2,34,1,2,3,0.2
Rob Brown,brownro01,RW,40,543,190,248,438,35.5
Cecil Browne,brownce01,LW,13,13,2,0,2,-0.1
Andrew Brunette,brunean01,LW,78,1110,268,465,733,73.4
Glenn Brydson,brydsgl01,RW,70,299,54,79,133,13.5
Mike Buchanan,buchami01,D,1,1,0,0,0,0.0
Billy Burch*,burchbi01,C/LW,22,390,136,60,196,40.2
Adam Burish,burisad01,RW,169,378,27,33,60,0.9
Marty Burke,burkema01,D,150,503,18,48,66,43.0
Bobby Burns,burnsbo01,LW,20,20,1,0,1,-0.7
Rod Buskas,buskaro01,D,46,556,19,63,82,19.8
Dick Butler,butledi01,RW,7,7,2,0,2,0.1
Gord Buttrey,buttrgo01,W,10,10,0,0,0,-0.3
Shawn Byram,byramsh01,LW,1,5,0,0,0,-0.2
Terry Caffery,caffete01,C,6,14,0,0,0,-0.4
Drake Caggiula,caggidr01,LW,26,182,32,29,61,4.8
James Camazzola,camazja01,LW,3,3,0,0,0,-0.1
Bryan Campbell,campbbr01,C,168,261,35,71,106,4.9
Don Campbell,campbdo01,LW,17,17,1,3,4,-0.2
Jim Campbell,campbji01,RW,9,285,61,75,136,12.5
Chris Campoli,campoch01,D,19,440,35,111,146,24.8
Leo Carbol,carbole01,D,6,6,0,1,1,0.4
Daniel Carcillo,carcida01,LW,90,429,48,52,100,7.6
Matt Carey,careyma01,LW,2,2,1,0,1,0.1
Bill Carse,carsebi01,C,123,124,27,40,67,5.7
Bob Carse,carsebo01,LW,144,166,33,54,87,4.9
Bruce Cassidy,cassibr01,D,36,36,4,13,17,1.9
John Chad,chadjo01,RW,80,80,15,22,37,2.7
Vladimir Chebaturkin,chebavl01,D,13,62,2,7,9,2.7
Lude Check*,checklu01,LW,26,27,6,2,8,0.1
Dave Christian,chrisda01,RW,69,1009,340,433,773,54.4
Dave Chyzowski,chyzoda01,LW,8,126,15,16,31,-0.4
Enrico Ciccone,ciccoen01,D,78,374,10,18,28,14.1
Hank Ciesla,cieslha01,C,140,271,26,51,77,1.3
Wendel Clark,clarkwe01,LW/D,13,793,330,234,564,51.5
Dan Cleary,clearda01,RW,41,938,165,222,387,35.1
Adam Clendening,clendad01,D,4,90,4,20,24,5.1
Sylvain Cloutier,cloutsy01,C,7,7,0,0,0,-0.1
Glen Cochrane,cochrgl01,D,79,411,17,72,89,21.8
Paul Coffey*,coffepa01,D,10,1409,396,1135,1531,185.7
Hugh Coflin,coflihu01,D,31,31,0,3,3,0.1
Danton Cole,coleda01,C/RW,2,318,58,60,118,6.6
Jim Conacher,conacji01,C,178,328,85,117,202,17.2
Lionel Conacher*,conacli01,D,48,498,78,108,186,65.5
Pete Conacher,conacpe01,LW,131,229,47,39,86,6.5
Rob Conn,connro01,W,2,30,2,5,7,-0.2
Bert Connelly,connebe01,LW,15,87,13,15,28,1.8
Carl Corazzini,corazca01,C,7,19,2,1,3,0.3
Norm Corcoran,corcono01,C/RW,23,29,1,3,4,-0.5
Murray Costello*,costemu01,C,40,163,13,19,32,-0.5
Sylvain Cote,cotesy01,D,45,1171,122,313,435,86.6
Art Coulter*,coultar01,D,170,458,31,82,113,46.1
Thomas Coulter,coultto01,D,2,2,0,0,0,-0.1
Gerry Couture,coutuge01,RW,110,385,86,70,156,14.4
Murray Craven,cravemu01,LW,157,1071,266,493,759,55.8
Dave Creighton,creigda01,C,49,616,140,174,314,27.9
Doug Crossman,crossdo01,D,159,914,105,359,464,67.4
Mark Cullen,cullema02,C,29,38,7,10,17,1.8
Jassen Cullimore,cullija01,D,155,812,26,85,111,27.1
Kyle Cumiskey,cumisky01,D,7,139,9,26,35,5.7
Randy Cunneyworth,cunnera01,LW,16,866,189,225,414,23.7
Les Cunningham,cunnile01,C,37,60,7,19,26,1.6
Ian Cushenan,cusheia01,D,72,129,3,11,14,6.8
Denis Cyr,cyrde01,RW,87,193,41,43,84,3.6
Klas Dahlbeck,dahlbkl01,D,4,170,6,17,23,3.3
Ulf Dahlen,dahleul01,LW,30,966,301,354,655,58.2
Carl Dahlstrom,dahlsca01,D,49,49,0,9,9,1.8
Trevor Daley,daleytr01,D,29,1015,89,213,302,62.2
Phillip Danault,danauph01,LW,32,268,37,91,128,10.9
Marko Dano,danoma01,C,13,138,19,26,45,4.5
Brandon Davidson,davidbr01,D,10,162,9,14,23,4.6
Lorne Davis,davislo01,RW,8,95,8,12,20,0.4
Billy Dea,deabi01,LW,34,397,67,54,121,4.9
Kevin Dean,deanke01,D,96,331,7,48,55,16.3
Alex DeBrincat,debrial01,RW,164,164,69,59,128,15.3
Louie DeBrusk,debrulo01,LW,4,401,24,17,41,-3.8
Ab DeMarco,demarab01,C,20,210,72,95,167,12.3
Nathan Dempsey,dempsna01,D,125,260,21,67,88,15.2
Corb Denneny,denneco01,C,18,176,102,42,144,15.8
Joffre Desilets,desiljo01,RW,74,192,37,45,82,7.2
Andrew Desjardins,desjaan01,C,136,408,23,41,64,1.2
Vic Desjardins,desjavi01,C,39,87,6,15,21,0.7
Harry Dick,dickha01,D,12,12,0,1,1,0.1
Gerald Diduck,diducge01,D,13,932,56,156,212,51.7
Don Dietrich,dietrdo01,D,17,28,0,7,7,0.9
Bill Dineen,dineebi01,RW,41,323,51,44,95,7.3
Robert Dirk,dirkro01,D,6,402,13,29,42,18.4
Gary Donaldson,donalga01,RW,1,1,0,0,0,0.0
Dave Donnelly,donneda01,C,71,137,15,24,39,0.3
Ken Doraty,doratke01,F,18,103,15,26,41,3.3
Jim Dowd,dowdji01,C,60,728,71,168,239,15.9
Jake Dowell,dowelja01,C,102,157,11,22,33,2.0
Aaron Downey,downeaa01,RW,39,243,8,10,18,0.5
Mario Doyon,doyonma01,D,7,28,3,4,7,1.2
Ivan Droppa,droppiv01,D,19,19,0,1,1,1.0
Anthony Duclair,duclaan01,LW,23,287,56,66,122,12.9
Duke Dukowski,dukowdu01,D,103,200,16,30,46,0.7
J.P. Dumont,dumonjp01,RW,72,822,214,309,523,56.6
Babe Dye*,dyeba01,RW,52,272,203,50,253,46.6
Karl Dykhuis,dykhuka01,D,18,644,42,91,133,34.8
Jack Dyte,dyteja01,D,27,27,1,0,1,1.8
Ben Eager,eagerbe01,LW,144,407,43,42,85,6.9
Mike Eagles,eaglemi01,C/LW,70,853,74,122,196,-2.1
Mike Eastwood,eastwmi01,C,53,783,87,149,236,11.6
Andrew Ebbett,ebbetan01,C,10,224,26,45,71,5.8
Christian Ehrhoff,ehrhoch01,D,8,789,74,265,339,67.7
Victor Ejdsell,ejdsevi01,C,6,6,0,1,1,-0.1
Matt Ellison,ellisma02,RW,36,43,3,11,14,0.5
Nelson Emerson,emersne01,RW,27,771,195,293,488,37.4
Aut Erickson,erickau01,D,34,226,7,24,31,10.6
Anders Eriksson,eriksan01,D,97,572,22,154,176,36.6
Tim Erixon,erixoti01,D,8,93,2,12,14,2.9
Walt Farrant,farrawa01,RW,1,1,0,0,0,0.0
Gordie Fashoway,fashogo01,LW,13,13,3,2,5,0.3
Dave Feamster,feamsda01,D,169,169,13,24,37,8.9
Brian Felsner,felsnbr01,LW,12,12,1,3,4,0.2
Lorne Ferguson,fergulo01,LW,104,422,82,80,162,12.8
Mike Fidler,fidlemi01,LW,4,271,84,97,181,12.6
Wilf Field,fieldwi01,D,37,220,17,25,42,10.5
Guyle Fielder,fieldgu01,C,3,9,0,0,0,-0.3
Sid Finney,finnesi01,C,59,59,10,7,17,0.7
Tom Fitzgerald,fitzgto01,RW,15,1097,139,190,329,15.3
Tomas Fleischmann,fleisto01,LW,19,657,137,198,335,32.1
Theoren Fleury,fleurth01,RW,54,1084,455,633,1088,110.3
Rick Foley,foleyri01,D,2,67,11,26,37,5.6
Gustav Forsling,forslgu02,D,122,122,8,19,27,4.3
Alexandre Fortin,fortial01,LW,24,24,3,3,6,0.2
Tom Fowler,fowleto01,C,24,24,0,1,1,-1.0
Cody Franson,fransco01,D,23,550,43,169,212,37.0
Colin Fraser,fraseco01,C,157,359,20,38,58,1.9
Gord Fraser,frasego01,D,54,144,24,12,36,13.7
Harvey Fraser,fraseha01,C,21,21,5,4,9,0.4
Dan Frawley,frawlda01,RW,33,273,37,40,77,0.2
Len Frig,frigle01,D,66,311,13,51,64,16.1
Michael Frolik,frolimi01,LW,136,793,153,217,370,36.0
Germain Gagnon,gagnoge01,LW,99,259,40,101,141,7.9
Dick Gamble,gambldi01,LW,14,195,41,41,82,7.8
Ryan Garbutt,garbury01,C,43,305,39,48,87,7.4
Herb Gardiner*,gardihe01,D,4,100,10,10,20,15.5
Cal Gardner,gardnca01,C,70,696,154,238,392,36.8
Daniel Gauthier,gauthda01,LW,5,5,0,0,0,-0.1
Martin Gendron,gendrma01,RW,2,30,4,2,6,0.1
Dennis Gilbert,gilbede01,D,1,1,0,0,0,0.0
Todd Gill,gillto01,D,5,1007,82,272,354,58.5
Paul Gillis,gillipa01,C,15,624,88,154,242,6.1
Doug Gilmour*,gilmodo01,C,135,1474,450,964,1414,118.6
Fred Glover,glovefr01,C,31,92,13,11,24,1.5
Howie Glover,gloveho01,RW,13,144,29,17,46,2.1
Bob Goldham,goldhbo01,D,165,650,28,143,171,51.8
Leroy Goldsworthy,goldsle01,RW,31,336,66,57,123,11.9
Gerry Goyer,goyerge01,C,40,40,1,2,3,-1.6
Bob Gracie,gracibo01,C/LW,30,380,82,110,192,20.5
Ted Graham,grahate01,D,183,347,14,26,40,25.6
Brent Grieve,grievbr01,LW,52,97,20,16,36,2.7
George Grigor,grigoge01,C,2,2,1,0,1,0.1
Stu Grimson,grimsst01,LW,167,729,17,22,39,-10.0
Tuomas Gronman,gronmtu01,D,16,38,1,3,4,1.7
Michal Grosek,grosemi01,LW,14,526,84,137,221,19.7
Don Grosso,grossdo01,LW/C,68,335,87,117,204,14.1
Erik Gustafsson,gustaer02,D,155,155,22,68,90,13.6
Murray Hall,hallmu01,RW,25,164,35,48,83,4.6
Jeff Hamilton,hamilje01,C,70,157,32,45,77,7.6
Reg Hamilton,hamilre01,D,58,425,21,87,108,35.5
Michal Handzus,handzmi01,C,78,1009,185,298,483,43.2
Casey Hankinson,hankica01,LW,14,18,0,1,1,-0.3
Oscar Hanson,hansoos01,C,8,8,0,0,0,-0.3
John Harms,harmsjo01,RW,44,44,5,5,10,-0.4
Jim Harrison,harriji01,C,107,324,67,86,153,9.2
Ryan Hartman,hartmry01,RW,141,245,42,47,89,8.9
Bob Hassard,hassabo01,C,17,126,9,28,37,1.6
Martin Havlat,havlama01,RW,172,790,242,352,594,70.6
George Hay*,hayge01,LW,35,240,74,62,136,28.0
John Hayden,haydejo01,C,113,113,8,14,22,0.6
Jimmy Hayes,hayesji01,RW,43,334,54,55,109,10.1
Sami Helenius,helensa01,D,10,155,2,4,6,2.0
Matt Henderson,hendema01,RW,4,6,0,1,1,0.0
Jordan Hendry,hendrjo02,D,129,131,4,9,13,3.3
Burke Henry,henrybu01,D,39,39,2,6,8,0.8
Camille Henry,henryca01,C,22,727,279,249,528,55.3
Phil Hergesheimer,hergeph01,RW,122,125,21,41,62,4.1
Wally Hergesheimer,hergewa01,RW,41,351,114,85,199,22.8
Chris Herperger,herpech01,C,70,169,18,25,43,2.7
Vic Heyliger,heylivi01,C,33,33,2,3,5,-0.7
Doug Hicks,hicksdo01,D,57,561,37,131,168,28.7
Wayne Hicks,hickswa01,RW,1,115,13,23,36,0.3
Matthew Highmore,highmma01,LW,13,13,2,0,2,0.0
Andy Hilbert,hilbean01,C/LW,28,307,42,62,104,8.4
Ike Hildebrand,hildeik01,RW,9,41,7,11,18,1.6
Blake Hillman,hillmbl01,D,4,4,1,0,1,0.2
Wayne Hillman,hillmwa01,D,164,691,18,86,104,37.3
Vinnie Hinostroza,hinosvi01,C,106,178,29,49,78,7.4
Dan Hinton,hintoda01,LW,14,14,0,0,0,-0.5
Ken Hodge,hodgeke01,RW,132,880,328,472,800,75.8
Val Hoffinger,hoffiva01,D,28,28,0,1,1,-0.4
Bob Hoffmeyer,hoffmbo01,D,11,198,14,52,66,10.8
Gord Hollingworth,holligo01,D,70,163,4,14,18,7.3
Lou Holmes,holmelo01,C/LW,59,59,2,4,6,-1.2
Michael Holmqvist,holmqmi01,C,135,156,18,17,35,0.9
Randy Holt,holtra01,D,42,395,4,37,41,12.3
Tony Horacek,horacto01,LW,38,154,10,19,29,-0.8
Pete Horeck,horecpe01,LW,178,426,106,118,224,17.3
Bronco Horvath,horvabr01,C,68,434,141,185,326,29.8
Phil Housley*,houslph01,D,137,1495,338,894,1232,170.7
Tony Hrkac,hrkacto01,C,18,758,132,239,371,25.7
Steve Hrymnak,hrymnst01,D,18,18,2,1,3,0.7
Fred Hucul,huculfr01,D,119,162,11,30,41,9.7
Ryan Huska,huskary01,LW,1,1,0,0,0,0.0
Dave Hutchison,hutchda01,D,163,584,19,97,116,33.7
Frank Ingram,ingrafr01,RW,99,99,24,16,40,4.9
Ron Ingram,ingraro01,D,45,114,5,15,20,5.3
Dick Irvin*,irvindi01,C,95,95,29,23,52,11.2
Harold Jackson,jacksha01,D,41,219,17,35,52,17.2
Jack Jackson,jacksja01,D,48,48,2,5,7,0.7
Jeff Jackson,jacksje01,LW,1,263,38,48,86,1.9
Lou Jankowski,jankolo01,C/RW,108,131,19,18,37,1.5
Mark Janssens,janssma01,C,124,711,40,73,113,-7.9
Roger Jenkins,jenkiro01,RW/D,156,324,15,41,56,2.4
Magnus Johansson,johanma01,D,18,45,0,14,14,1.7
Roger Johansson,johanro01,D,11,161,9,34,43,10.0
Aaron Johnson,johnsaa01,D,38,291,17,45,62,13.3
Greg Johnson,johnsgr02,C,69,785,145,224,369,26.7
Luke Johnson,johnslu01,C,15,15,0,1,1,-0.5
Norm Johnson,johnsno01,C,7,61,5,20,25,0.9
Ryan Johnson,johnsry01,C,34,701,38,84,122,-0.9
Virgil Johnson,johnsvi01,D,76,76,1,11,12,4.7
Kim Johnsson,johnski01,D,8,739,67,217,284,58.8
George Johnston,johnsge01,RW,58,58,20,12,32,2.1
Joey Johnston,johnsjo01,LW,32,332,85,106,191,11.6
Henri Jokiharju,jokihhe01,D,38,38,0,12,12,0.8
Ty Jones,jonesty01,RW,8,14,0,0,0,-0.2
Tomas Jurco,jurcoto01,RW,42,201,22,28,50,3.7
Ed Kachur,kachued01,RW,96,96,10,14,24,0.2
Dominik Kahun,kahundo01,C,82,82,13,24,37,3.1
David Kampf,kampfda01,C,109,109,8,22,30,0.6
Alexander Karpovtsev,karpoal01,D,182,596,34,154,188,38.2
Duke Keats*,keatsdu01,C,36,82,29,19,48,11.0
Matt Keith,keithma01,RW,24,27,2,3,5,-0.1
Bob Kelly,kellybo01,LW,138,425,87,109,196,10.4
Pep Kelly,kellype02,RW,51,289,74,53,127,14.7
Michal Kempny,kempnmi01,D,81,174,11,32,43,10.1
Bill Kendall,kendabi01,RW,117,138,16,11,27,1.0
Forbes Kennedy,kennefo01,C,69,603,70,108,178,2.7
Ernest Kenny,kennyer01,D,4,10,0,0,0,0.8
Tanner Kero,kerota01,RW,72,72,8,14,22,2.2
Chad Kilger,kilgech01,LW,86,714,107,111,218,15.3
Darin Kimble,kimblda01,RW,79,311,23,20,43,-3.5
Kris King,kingkr01,LW,13,849,66,85,151,-4.4
Jon Klemm,klemmjo01,D,171,773,42,100,142,40.2
Sergei Klimovich,klimose01,C,1,1,0,0,0,0.0
Ike Klingbeil,klingik01,D,5,5,1,2,3,0.3
Rob Klinkhammer,klinkro01,LW,1,193,22,21,43,3.8
David Koci,kocida01,LW,27,142,3,1,4,-0.5
Slater Koekkoek,koekksl01,D,22,107,6,13,19,3.5
Petri Kontiola,kontipe01,C,12,12,0,5,5,0.4
Tomas Kopecky,kopecto01,C,155,578,68,106,174,11.2
Igor Korolev,korolig01,C,192,795,119,227,346,22.9
Mike Kostka,kostkmi01,D,9,85,4,17,21,4.5
Igor Kravchuk,kravcig01,D,56,699,64,210,274,48.2
Dave Kryskow,kryskda01,LW,83,231,33,56,89,2.8
Ed Kryzanowski,kryzaed01,D,5,237,15,22,37,14.2
Lasse Kukkonen,kukkola01,D,64,159,6,16,22,5.7
Chris Kunitz,kunitch01,LW,56,1022,268,351,619,74.0
Moe L'Abbe,labbemo01,RW,5,5,0,1,1,-0.1
Andre Lacroix,lacroan01,C,51,325,79,119,198,15.1
Christian Laflamme,laflach01,D,138,324,2,45,47,11.0
Leo Lafrance,lafrale01,LW,15,34,2,0,2,-0.9
Quintin Laing,laingqu01,LW,3,79,3,8,11,0.1
Hec Lalande,lalanhe01,C,140,151,21,39,60,3.0
Shawn Lalonde,lalonsh01,D,1,1,0,0,0,0.1
Robert Lang,langro01,C,76,989,261,442,703,70.3
Rick Lanz,lanzri01,D,1,569,65,221,286,37.4
Benjamin LaPrairie,laprabe01,D,7,7,0,0,0,0.2
Jeff Larmer,larmeje01,LW,45,158,37,51,88,4.7
Wildor Larochelle,larocwi01,RW,70,475,92,75,167,17.2
Brad Lauer,lauerbr01,LW,13,323,44,67,111,3.0
Mark LaVarre,lavarma01,RW,78,78,9,16,25,0.4
Drew LeBlanc,lebladr01,C,2,2,0,0,0,-0.2
J.P. LeBlanc,leblajp01,C,6,153,14,30,44,0.3
Doug Lecuyer,lecuydo01,LW,69,126,11,31,42,-0.2
Walt Ledingham,ledinwa01,LW,9,15,0,2,2,-0.4
Edward Leier,leiered01,C,16,16,2,1,3,-0.1
Sami Lepisto,lepissa01,D,26,176,6,29,35,8.9
Art Lesieur,lesiear01,D,3,100,4,2,6,6.5
Jack Leswick,leswija01,C,37,37,1,7,8,0.2
Tony Leswick,leswito01,W,70,740,165,159,324,29.0
Danny Lewicki,lewicda01,LW,58,461,105,135,240,21.5
Norm Locking,lockino01,LW/C,48,48,2,6,8,-0.1
Dave Logan,loganda01,D,178,218,5,29,34,8.2
Clem Loughlin,loughcl01,D,24,101,8,6,14,8.1
Reed Low,lowre01,RW,6,256,3,16,19,-0.3
Gerry Lowrey,lowrege01,LW,48,211,47,48,95,12.2
Len Lunde,lundele01,C,84,321,39,83,122,4.8
Pat Lundy,lundypa01,C,61,150,37,32,69,5.0
Vic Lynn,lynnvi01,LW/D,40,327,49,76,125,20.5
Craig MacDonald,macdocr01,LW,25,233,11,24,35,0.5
Dave MacKay,mackada01,D,27,27,3,0,3,1.5
Mickey MacKay*,mackami01,C,70,147,44,19,63,14.6
Bill MacKenzie,mackebi01,D,102,233,11,10,21,13.7
Clarence MacKenzie,mackecl01,RW,36,36,4,4,8,0.5
David Mackey,mackeda01,LW,46,126,8,12,20,-1.8
Bob MacMillan,macmibo01,RW,36,752,228,349,577,42.0
John Madden,maddejo01,C,79,898,165,183,348,30.5
Darryl Maggs,maggsda01,D,76,135,14,19,33,7.1
Wayne Maki,makiwa01,LW,50,246,57,79,136,8.7
Dan Maloney,malonda01,LW,131,737,192,259,451,32.3
Phil Maloney,malonph01,C,46,159,28,43,71,5.0
Mike Maneluk,manelmi01,LW,28,85,11,10,21,1.5
Brandon Manning,mannibr01,D,27,246,13,34,47,8.7
Bryan Marchment,marchbr02,D,149,926,40,142,182,47.4
Josef Marha,marhajo01,C,118,159,21,32,53,3.6
Gilles Marotte,marotgi01,D,192,808,56,265,321,53.2
Clare Martin,marticl01,D,30,237,12,28,40,16.4
Andreas Martinsen,martian01,LW,33,152,9,14,23,0.0
Brandon Mashinter,mashibr01,LW,41,64,4,1,5,-0.3
Paul Masnick,masnipa01,C,14,220,18,40,58,1.8
Charley Mason,masonch01,RW,13,93,7,18,25,0.5
Joe Matte,mattejo02,D,12,24,0,3,3,1.5
Stephane Matteau,mattest01,LW,164,848,144,172,316,24.4
Jamal Mayers,mayerja01,RW,100,915,90,129,219,11.0
Eddie Mazur,mazured01,D/LW,15,107,8,20,28,1.1
Chris McAlpine,mcalpch01,D,90,289,6,24,30,10.0
Dean McAmmond,mcammde01,C,154,996,186,262,448,41.6
Jim McBurney,mcburji01,LW,1,1,0,1,1,0.1
Bryan McCabe,mccabbr01,D,79,1135,145,383,528,97.9
Doug McCaig,mccaido01,D,171,263,8,21,29,9.3
Eddie McCalmon,mccaled01,RW,23,39,5,0,5,-0.9
Steve McCarthy,mccarst01,D,134,302,17,38,55,8.9
John McCormack,mccorjo01,C,63,311,25,49,74,1.4
Jeff McDill,mcdilje01,RW,1,1,0,0,0,0.0
Butch McDonald,mcdonbu02,LW/C,26,66,8,20,28,0.9
Jim McFadden,mcfadji01,C,159,412,100,126,226,22.6
Don McFadyen,mcfaddo01,C/LW,176,176,12,34,46,2.3
Gord McFarlane,mcfargo01,RW/D,2,2,0,0,0,0.0
Ryan McGill,mcgilry01,D,9,151,4,15,19,5.0
Ray McKay,mckayra01,D,28,140,2,16,18,3.8
Ian McKegney,mckegia01,D,3,3,0,0,0,-0.4
Tony McKegney,mckegto01,LW,9,912,320,319,639,45.3
John McKenzie,mckenjo01,RW,128,692,206,268,474,41.2
Alex McKinnon,mckinal01,RW,44,195,19,12,31,5.3
Brett McLean,mcleabr01,C,78,385,56,106,162,12.0
Mike McMahon,mcmahmi02,D,20,224,15,68,83,15.8
Tom McMurchy,mcmurto01,RW,46,55,8,4,12,-0.2
Mark McNeill,mcneima01,RW,1,2,0,0,0,-0.1
Mike McNeill,mcneimi01,RW,23,63,5,11,16,0.0
Basil McRae,mcraeba01,LW,8,576,53,83,136,-2.6
Charley McVeigh,mcveich01,C/LW,84,395,84,89,173,20.2
Gerry Melnyk,melnyge01,C,63,269,39,77,116,6.5
Hillary Menard,menarhi01,LW,1,1,0,0,0,0.0
Howie Menard,menarho01,C,19,151,23,42,65,4.2
Art Michaluk,michaar01,D,5,5,0,0,0,0.1
John Michaluk,michajo01,LW,1,1,0,0,0,0.0
Larry Mickey,mickela01,RW,1,292,39,53,92,2.1
Earl Miller,milleea01,LW,94,110,19,14,33,2.1
Jack Miller,milleja01,C,17,17,0,0,0,-0.7
Kevin Miller,milleke02,C,106,620,150,185,335,24.8
Kip Miller,milleki01,C,10,449,74,165,239,19.2
Brad Mills,millsbr01,C,3,34,1,1,2,-0.5
Craig Mills,millscr01,RW,27,31,0,5,5,-0.2
John Miszuk,miszujo01,D,5,237,7,39,46,14.5
Red Mitchell,mitchre01,D,83,83,4,5,9,4.7
Travis Moen,moentr01,LW,82,747,59,77,136,1.8
Steve Montador,montast01,D,52,571,33,98,131,27.8
Amby Moran,moranam01,D,23,35,1,1,2,0.8
Jay More,moreja01,D,17,406,18,54,72,14.0
Howie Morenz*,morenho01,C,72,550,271,205,476,100.8
Jason Morgan,morgaja01,C,7,44,2,5,7,-0.2
Jeremy Morin,morinje01,LW,54,82,10,12,22,2.4
Brendan Morrison,morribr01,C,11,934,200,401,601,58.7
Don Morrison,morrido01,C,59,112,18,28,46,2.6
Ken Mosdell,mosdeke01,C,25,694,141,168,309,27.9
Tyler Motte,mottety01,C,33,153,18,12,30,1.5
Bryan Muir,muirbr01,D,64,279,16,37,53,9.1
Craig Muni,municr01,D,18,819,28,119,147,42.9
Connor Murphy,murphco02,D,128,386,20,56,76,15.0
Chris Murray,murrach01,RW,4,242,16,18,34,-0.5
Dmitri Nabokov,nabokdm01,C/LW,25,55,11,13,24,2.2
Alain Nasreddine,nasreal01,D,7,74,1,4,5,2.2
Scott Nichol,nichosc01,C,75,662,56,71,127,5.4
Bernie Nicholls,nichobe01,C,107,1127,475,734,1209,96.8
Hickey Nicholson,nichohi01,LW,2,2,1,0,1,0.1
Eric Nickulas,nickuer01,RW,21,118,15,23,38,3.2
Ville Nieminen,niemivi01,LW,60,385,48,69,117,8.4
Andrei Nikolishin,nikolan01,C,60,628,93,187,280,21.6
Jacob Nilsson,nilssja01,C,2,2,0,0,0,-0.1
Jonas Nordqvist,nordqjo01,C,3,3,0,2,2,0.2
Joakim Nordstrom,nordsjo02,C,54,352,27,34,61,1.5
Baldy Northcott,northba01,D/LW,46,448,133,112,245,33.1
Gary Nylund,nylunga01,D,179,608,32,139,171,23.8
Mike O'Connell,oconnmi01,D,166,860,105,335,440,70.0
Sean O'Donnell,odonnse01,D,51,1224,31,198,229,58.8
Danny O'Shea,osheada01,C,66,369,64,115,179,10.1
Lyle Odelein,odelely01,D,77,1056,50,202,252,60.4
Jordan Oesterle,oestejo01,D,55,151,11,30,41,7.9
Brian Ogilvie,ogilvbr01,C,12,90,15,21,36,1.1
Rostislav Olesz,oleszro01,LW,6,365,57,77,134,9.8
Bert Olmstead*,olmstbe01,LW,94,848,181,421,602,56.5
Dylan Olsen,olsendy01,D,28,124,5,17,22,3.1
Bill Orban,orbanbi01,C/LW,84,114,8,15,23,-1.7
Bobby Orr*,orrbo01,D,26,657,270,645,915,150.9
Eddie Ouellette,ouelled01,C,43,43,3,2,5,-0.3
Samuel Pahlsson,pahlssa01,C,13,798,68,131,199,4.0
Pete Palangio,palanpe01,LW,49,71,13,10,23,2.0
Michael Paliotta,paliomi01,D,1,2,0,1,1,0.1
Rob Palmer,palmero01,C,16,16,0,3,3,-0.1
Artemi Panarin,panarar01,LW,162,322,116,204,320,38.3
Richard Panik,panikri01,RW,149,410,75,84,159,16.1
Joe Papike,papikjo01,RW,20,20,3,3,6,0.1
P.A. Parenteau,parenpi01,LW,5,491,114,182,296,30.2
Kent Paynter,payntke01,D,3,37,1,3,4,0.3
Perry Pelensky,pelenpe01,RW,4,4,0,0,0,-0.1
Pascal Pelletier,pellepa01,LW,7,16,0,0,0,-0.5
Mike Peluso,pelusmi01,LW,118,458,38,52,90,-0.8
Mike Peluso,pelusmi02,RW,37,38,4,2,6,0.3
Brendan Perlini,perlibr01,LW,46,199,45,27,72,7.1
Yanic Perreault,perreya01,C,53,859,247,269,516,54.9
Jimmy Peters,peterji01,RW,186,574,125,150,275,24.7
Harold Phillipoff,phillha01,LW,23,141,26,57,83,5.4
Gerry Pinder,pindege01,LW,149,223,55,69,124,9.7
Brandon Pirri,pirribr01,C,35,259,72,47,119,15.3
Fernando Pisani,pisanfe01,RW,60,462,87,82,169,15.8
Derek Plante,plantde01,C,17,450,96,152,248,21.4
Pierre Plante,plantpi01,RW,77,599,125,172,297,16.9
Jim Playfair,playfji01,D,19,21,2,4,6,1.5
Tony Poeta,poetato01,RW,1,1,0,0,0,0.0
Bud Poile*,poilebu01,RW,58,311,107,122,229,22.2
Jack Portland,portlja01,D,26,388,15,56,71,29.7
Victor Posa,posavi01,LW/D,2,2,0,0,0,-0.1
Ryan Potulny,potulry01,C,3,126,22,27,49,4.0
Patrick Poulin,poulipa01,C,141,634,101,134,235,15.7
Ray Powell,powelra01,C,31,31,7,15,22,1.7
Geoff Powis,powisge01,C,2,2,0,0,0,-0.1
Lynn Powis,powisly01,C,57,130,19,33,52,1.4
Jack Price,priceja01,D,57,57,4,6,10,1.6
Mike Prokopec,prokomi01,RW,15,15,0,0,0,-0.6
Fido Purpur,purpufi01,RW,119,144,25,35,60,1.2
Max Quackenbush,quackma01,D,14,61,4,7,11,3.3
Deron Quint,quintde01,D,51,463,46,97,143,21.8
Stephane Quintal,quintst01,D,72,1037,63,180,243,50.5
Igor Radulov,radulig01,LW,43,43,9,7,16,1.7
Rags Raglan,raglara01,D,67,100,4,9,13,5.4
Les Ramsay,ramsale01,LW,11,11,2,2,4,0.1
Dennis Rasmussen,rasmude01,C,112,139,9,12,21,1.1
Joe Reekie,reekijo01,D,17,902,25,139,164,53.9
Peter Regin,reginpe01,C,21,243,23,44,67,4.9
Dutch Reibel,reibedu01,C,40,409,84,161,245,24.5
Tom Reid,reidto01,D,86,701,17,113,130,31.5
Leo Reise,reisele02,D,23,494,28,81,109,37.3
Pascal Rheaume,rheaupa01,C,19,318,39,52,91,6.6
Pat Ribble,ribblpa01,D,35,349,19,60,79,17.0
Brad Richards,richabr01,C,76,1126,298,634,932,92.8
Dave Richardson,richada01,LW,3,45,3,2,5,-0.9
Danny Richmond,richmda01,D,39,49,0,3,3,-0.1
Jim Riley,rileyji01,LW,3,9,0,2,2,-0.1
Vic Ripley,riplevi01,LW,174,280,51,49,100,11.9
Stephane Robidas,robidst01,D,45,937,57,201,258,55.0
Florent Robidoux,robidfl01,LW,52,52,7,4,11,-0.4
Doug Robinson,robindo01,LW,40,240,44,67,111,6.6
Earl Robinson,robinea01,RW/C,48,419,83,98,181,18.8
Eddie Rodden,roddeed01,C,27,90,6,14,20,0.7
Larry Romanchych,romanla01,RW,10,298,68,97,165,10.5
Remi Royer,royerre01,D,18,18,0,0,0,-0.6
Mike Rucinski,rucinmi01,C,1,1,0,0,0,0.0
David Rundblad,rundbda01,D,63,113,4,21,25,4.0
Jan Rutta,ruttaja02,D,80,94,8,20,28,5.2
Christian Ruuttu,ruuttch01,C,158,621,134,298,432,28.9
Warren Rychel,rychewa01,LW,2,406,38,39,77,-1.6
Tony Salmelainen,salmeto01,LW,57,70,6,12,18,1.1
Sergei Samsonov,samsose01,LW,23,888,235,336,571,61.0
Ed Sandford,sandfed01,LW,56,503,106,145,251,23.0
Everett Sanipass,sanipev01,LW,126,164,25,34,59,1.2
Fred Sasakamoose,sasakfr01,C,11,11,0,0,0,-0.5
Jean Savard,savarje01,C,42,43,7,12,19,1.2
Darin Sceviour,scevida01,RW,1,1,0,0,0,0.0
Butch Schaeffer,schaebu01,D,5,5,0,0,0,0.2
Nick Schmaltz,schmani01,C,162,179,34,71,105,9.5
Bobby Schmautz,schmabo01,RW,76,764,271,286,557,45.4
Enio Sclisizzi,sclisen01,LW,14,81,12,11,23,1.4
John Scott,scottjo01,LW,69,286,5,6,11,0.9
Rob Scuderi,scudero01,D,17,783,8,102,110,30.6
Ron Sedlbauer,sedlbro01,LW,84,430,143,86,229,16.7
Jiri Sekac,sekacji01,LW,6,108,10,19,29,1.9
Glen Sharpley,sharpgl01,C,71,389,117,161,278,18.9
Pat Shea,sheapa01,D,10,10,0,1,1,0.8
Bobby Sheehan,sheehbo01,C,78,310,48,63,111,4.7
Doug Shelton,sheltdo01,RW,5,5,0,1,1,-0.2
Johnny Sheppard,sheppjo01,LW,41,311,69,58,127,19.2
Jack Shill,shillja01,C,48,160,15,20,35,0.4
Paul Shmyr,shmyrpa01,D,84,343,13,72,85,20.6
Dylan Sikura,sikurdy01,C,38,38,0,11,11,0.4
Chris Simon,simonch01,LW,61,782,144,161,305,28.6
Cully Simon,simoncu01,D,28,130,4,11,15,9.7
Reid Simpson,simpsre01,LW,91,301,18,18,36,0.8
Todd Simpson,simpsto01,D,45,580,14,63,77,21.2
Jarrod Skalde,skaldja01,C,7,115,13,21,34,0.8
Jack Skille,skillja01,RW,79,368,43,41,84,5.3
John Sleaver,sleavjo01,C,13,13,1,0,1,-0.3
Tod Sloan,sloanto01,C/RW,195,744,220,262,482,52.1
Ben Smith,smithbe01,RW,156,237,29,25,54,3.8
Des Smith,smithde01,D,26,195,22,26,48,16.7
Glen Smith,smithgl02,RW,2,2,0,0,0,-0.1
Wayne Smith,smithwa01,D,2,2,1,1,2,0.4
Radek Smolenak,smolera01,LW,1,7,0,1,1,0.0
Bryan Smolinski,smolibr01,C,62,1056,274,377,651,63.6
Greg Smyth,smythgr01,D,60,229,4,16,20,7.4
Ken Solheim,solheke01,LW,5,135,19,20,39,-0.1
Art Somers,somerar01,C,77,222,33,56,89,8.0
Brent Sopel,sopelbr01,D,154,659,44,174,218,40.9
Jaroslav Spacek,spaceja01,D,155,880,82,273,355,69.3
Martin St. Pierre,stpiema01,C,21,39,3,5,8,-0.1
Fred Stanfield,stanffr01,C/W,107,914,211,405,616,43.4
Allan Stanley*,stanlal01,D,111,1244,100,333,433,103.6
Barney Stanley*,stanlba01,RW,1,1,0,0,0,-0.1
Ryan Stanton,stantry01,D,1,120,4,23,27,6.6
Mike Stapleton,staplmi01,C,125,697,71,111,182,1.7
Vic Stasiuk,stasivi01,LW,38,745,183,254,437,38.0
Gaye Stewart,stewaga01,LW,178,502,185,159,344,34.3
Jack Stewart*,stewaja01,D,63,565,31,83,114,41.0
Karl Stewart,stewaka01,LW,37,69,2,4,6,-0.5
Ken Stewart,stewake01,D,6,6,1,1,2,0.1
Art Stratton,stratar01,C/LW,2,95,18,33,51,3.4
Dylan Strome,stromdy01,C,58,106,24,43,67,6.0
Jason Strudwick,strudja01,D,102,674,13,42,55,9.6
Frank Sullivan,sullifr01,D,2,8,0,0,0,0.3
Red Sullivan,sullire01,C,133,557,107,239,346,27.1
Al Suomi,suomial01,LW,5,5,0,0,0,-0.2
Duane Sutter,suttedu01,RW,184,731,139,203,342,14.1
Rich Sutter,sutteri01,RW,98,874,149,166,315,12.9
Viktor Svedberg,svedbvi01,D,27,27,2,2,4,0.6
Michal Sykora,sykormi01,D,56,267,15,54,69,13.2
Jeff Taffe,taffeje01,C,1,180,21,25,46,3.1
Tony Tanti,tantito01,RW,3,697,287,273,560,43.4
Harry Taylor,tayloha01,C,15,66,5,10,15,-0.2
Ralph Taylor,taylora01,D,80,102,4,1,5,-4.2
Stephen Tepper,teppest01,RW,1,1,0,0,0,0.0
Teuvo Teravainen,teravte01,F,115,360,76,150,226,23.9
Paul Terbenche,terbepa01,D,68,189,5,26,31,9.1
Cy Thomas,thomacy01,W,6,14,2,2,4,0.1
Jimmy Thomson,thomsji01,D,70,787,19,215,234,67.1
Shawn Thornton,thornsh01,RW,31,705,42,60,102,3.0
Milan Tichy,tichymi01,D,13,23,0,5,5,1.8
Viktor Tikhonov,tikhovi01,RW,11,111,11,11,22,0.8
Ray Timgren,timgrra01,LW,14,251,14,44,58,0.1
Kimmo Timonen,timonki01,D,16,1108,117,454,571,101.4
Kevin Todd,toddke01,C,35,383,70,133,203,12.4
John Tonelli,toneljo01,LW,33,1028,325,511,836,58.8
Jordin Tootoo,tootojo01,RW,50,723,65,96,161,9.8
Jerry Toppazzini,toppaje01,RW,83,784,163,244,407,28.8
Zellio Toppazzini,toppaze01,RW,7,123,21,21,42,2.6
Jari Torkki,torkkja01,LW,4,4,1,0,1,0.0
Jacques Toupin,toupija01,RW,8,8,1,2,3,0.0
Art Townsend,townsar01,D,5,5,0,0,0,0.0
Bob Trapp,trappbo01,D,82,83,4,4,8,1.0
Percy Traub,traubpe01,D,42,130,3,3,6,7.9
Tim Trimper,trimpti01,LW,30,190,30,36,66,0.8
Bob Turner,turnebo01,D,139,478,19,51,70,35.0
Aud Tuten,tutenau01,D,39,39,4,8,12,3.0
Gene Ubriaco,ubriage01,LW/C,22,177,39,35,74,5.0
Igor Ulanov,ulanoig01,D,53,739,27,135,162,37.3
Rick Vaive,vaiveri01,RW,106,876,441,347,788,65.4
Garry Valk,valkga01,RW,16,777,100,156,256,13.3
Wayne Van Dorp,vandowa01,LW,69,125,12,12,24,-0.5
Ed Van Impe,vanimed01,D,61,703,27,126,153,46.8
Trevor van Riemsdyk,vanritr01,D,158,315,14,47,61,14.5
Jim Vandermeer,vandeji01,D,171,461,25,80,105,21.4
Petri Varis,varispe01,LW,1,1,0,0,0,0.0
Greg Vaydik,vaydigr01,C,5,5,0,0,0,-0.2
Antoine Vermette,vermean01,C,19,1046,228,287,515,47.1
Dan Vincelette,vinceda01,LW,166,193,20,22,42,-1.5
Ed Vokes,vokesed01,LW,5,5,0,0,0,-0.2
Reto Von Arx,vonarre01,C,19,19,3,1,4,0.2
Roman Vopat,vopatro01,C,3,133,6,14,20,-1.0
Pavel Vorobiev,vorobpa01,RW,57,57,10,15,25,2.1
Carl Voss*,vossca01,C,33,264,34,71,105,7.5
Radim Vrbata,vrbatra01,RW,122,1057,284,339,623,69.1
Matt Walker,walkema01,D,65,314,4,26,30,7.7
Mike Walton,waltomi01,C,26,588,201,247,448,37.4
Don Ward,warddo01,D,3,34,0,1,1,0.9
Eddie Wares,waresed01,D/RW,106,324,60,102,162,13.4
Nick Wasnie,wasnini01,RW,14,246,57,34,91,10.3
Bill Watson,watsobi01,RW,115,115,23,36,59,2.8
Harry Watson*,watsoha02,LW,168,809,236,207,443,45.3
Dale Weise,weiseda01,RW,15,490,54,66,120,10.6
Brad Werenka,werenbr01,D,9,320,19,61,80,19.9
Peter White,whitepe01,C,54,220,23,37,60,2.7
Todd White,whiteto02,C,43,653,141,240,381,37.3
Neil Wilkinson,wilkine01,D,72,460,16,67,83,14.4
Jason Williams,willija01,C,63,455,94,133,227,22.3
Sean Williams,willise01,C,2,2,0,0,0,0.0
Bob Wilson,wilsobo01,D,1,1,0,0,0,0.0
Cully Wilson,wilsocu01,RW,42,130,59,29,88,9.0
Johnny Wilson,wilsojo01,LW,140,688,161,171,332,30.5
Larry Wilson,wilsola01,C,131,152,21,48,69,4.6
Rik Wilson,wilsori02,D,14,251,25,65,90,15.8
Roger Wilson,wilsoro01,D,7,7,0,2,2,0.5
Tommy Wingels,wingeto01,C,57,448,62,81,143,11.0
James Wisniewski,wisnija01,D,168,552,53,221,274,44.8
Jim Wiste,wisteji01,C,29,52,1,10,11,-0.7
Steve Witiuk,witiust01,RW,33,33,3,8,11,0.1
Benny Woit,woitbe01,RW/D,72,334,7,26,33,22.3
Duane Wylie,wyliedu01,C,14,14,3,3,6,0.2
Mikhail Yakubov,yakubmi01,C,40,53,2,10,12,-0.1
Ken Yaremchuk,yaremke01,C,188,235,36,56,92,1.6
Brian Young,youngbr01,D,8,8,0,2,2,0.1
Howie Young,youngho01,D/RW,96,336,12,62,74,13.9
Paul Ysebaert,ysebapa01,C,26,532,149,187,336,26.5
Miles Zaharko,zaharmi01,D,58,129,5,32,37,6.9
Larry Zeidel,zeidela01,D,64,158,3,16,19,7.6
Valeri Zelepukin,zelepva01,LW,36,595,117,177,294,22.7
Doug Zmolek,zmoledo01,D,105,467,11,53,64,13.9
Marty Zoborosky,zoborma01,D,1,1,0,0,0,0.0
Andrei Zyuzin,zyuzian01,D,32,496,38,82,120,25.8
