Red Almas,almasre01,G,2,3,0,0,0,0.0
Hank Bassen,basseha01,G,99,157,0,0,47,21.6
Jonathan Bernier,bernijo01,G,35,324,0,0,137,54.9
Allan Bester,besteal01,G,4,219,0,0,73,37.6
Bill Beveridge,beverbi01,G,39,295,0,0,87,35.1
Gilles Boisvert,boisvgi01,G,3,3,0,0,0,0.5
Claude Bourque,bourqcl01,G,1,62,0,0,18,6.0
Andy Brown,brownan01,G,17,62,0,0,22,6.0
Alain Chevrier,chevral01,G,3,234,0,0,91,26.0
Charlie Conacher,conacch01,RW,1,461,224,172,396,66.5
Ty Conklin,conklty01,G,55,215,0,0,96,31.0
Alec Connell,conneal01,G,48,418,0,0,193,85.5
Jared Coreau,coreaja01,G,21,21,0,0,5,1.1
Abbie Cox,coxab01,G,2,5,0,0,1,0.6
Wilf Cude,cudewi01,G,29,281,0,0,98,33.2
Joe Daley,daleyjo01,G,29,105,0,0,34,12.9
Denis DeJordy,dejorde01,G,25,317,0,0,120,43.9
Connie Dion,dionco01,G,38,38,0,0,23,8.6
Dolly Dolson,dolsodo01,G,93,93,0,0,35,15.0
Darren Eliot,eliotda01,G,3,88,0,0,24,8.5
Bob Essensa,essenbo01,G,13,446,0,0,173,68.7
Jimmy Franks,frankji01,G,18,42,0,0,12,5.2
Kaden Fulcher,fulchka01,G,1,1,0,0,0,0.0
Dave Gagnon,gagnoda01,G,2,2,0,0,0,-0.1
George Gardner,gardnge01,G,24,66,0,0,16,5.0
Dave Gatherum,gatheda01,G,3,3,0,0,2,1.0
Ed Giacomin,giacoed01,G,71,610,0,0,290,110.9
Gilles Gilbert,gilbegi01,G,95,416,0,0,192,69.9
Doug Grant,grantdo01,G,46,77,0,0,27,6.9
Gerry Gray,grayge01,G,7,8,0,0,1,0.1
Harrison Gray,grayha01,G,1,1,0,0,0,-0.2
Jonas Gustavsson,gustajo01,G,41,179,0,0,72,21.7
Glenn Hall,hallgl01,G,148,906,0,0,407,177.6
Glen Hanlon,hanlogl01,G,186,476,0,0,167,76.7
Dominik Hasek,hasekdo01,G,176,735,0,0,389,156.8
Kevin Hodson,hodsoke01,G,35,71,0,0,17,5.5
Ken Holland,hollake01,G,3,4,0,0,0,-0.1
Hap Holmes,holmeha01,G,85,103,0,0,39,15.7
Peter Ing,ingpe01,G,3,74,0,0,20,10.4
Al Jensen,jenseal01,G,1,179,0,0,95,26.9
Curtis Joseph,josepcu01,G,92,943,0,0,454,167.2
Scott King,kingsc01,G,2,2,0,0,0,0.0
Mark LaForest,laforma01,G,33,103,0,0,25,12.1
Marc Lamothe,lamotma01,G,2,4,0,0,2,0.3
Manny Legace,legacma01,G,180,365,0,0,187,60.2
Claude Legris,legricl01,G,4,4,0,0,0,0.4
Ron Low,lowro01,G,32,382,0,0,102,33.4
Larry Lozinski,lozinla01,G,30,30,0,0,6,3.0
Joey MacDonald,macdojo01,G,37,133,0,0,44,19.2
Norm Maracle,maracno01,G,20,66,0,0,14,8.9
Thomas McCollum,mccolth01,G,3,3,0,0,1,0.1
Peter McDuffe,mcdufpe01,G,4,57,0,0,11,5.3
Tom McGrattan,mcgrato01,G,1,1,0,0,0,0.0
Bill McKenzie,mckenbi01,G,26,91,0,0,18,8.0
Don McLeod,mcleodo01,G,14,18,0,0,3,-0.3
Corrado Micalef,micalco01,G,113,113,0,0,26,13.6
Greg Millen,millegr01,G,10,604,0,0,215,84.6
Eddie Mio,mioed01,G,49,192,0,0,64,25.3
Alfie Moore,mooreal01,G,1,21,0,0,7,0.0
Johnny Mowers,mowerjo01,G,152,152,0,0,65,32.3
Petr Mrazek,mrazepe01,G,166,223,0,0,101,34.1
Bob Perreault,perrebo01,G,3,31,0,0,8,3.4
Chris Pusey,puseych01,G,1,1,0,0,0,0.0
Bill Ranford,ranfobi01,G,4,647,0,0,240,92.1
Terry Richardson,richate01,G,19,20,0,0,3,-0.6
Vincent Riendeau,riendvi01,G,32,184,0,0,85,23.9
Dennis Riggin,riggide01,G,18,18,0,0,7,2.3
John Ross Roach,roachjo01,G,89,491,0,0,219,74.1
Pat Rupp,rupppa01,G,1,1,0,0,0,0.0
Bob Sauve,sauvebo01,G,41,420,0,0,182,69.1
Al Smith,smithal03,G,43,231,0,0,73,30.4
Normie Smith,smithno01,G,178,198,0,0,81,34.0
Sam St. Laurent,stlausa01,G,30,34,0,0,7,4.8
Herb Stuart,stuarhe01,G,3,3,0,0,1,0.6
Harvey Teno,tenoha01,G,5,5,0,0,2,0.5
Tiny Thompson,thompti01,G,85,553,0,0,284,107.1
Joe Turner,turnejo01,G,1,1,0,0,0,0.2
Rogie Vachon,vachoro01,G,109,795,0,0,353,144.4
Mike Vernon,vernomi01,G,95,782,0,0,385,107.1
Carl Wetzel,wetzeca01,G,2,7,0,0,1,0.0
Lefty Wilson,wilsole01,G,1,3,0,0,0,0.5
Ken Wregget,wreggke01,G,29,575,0,0,225,85.7
Doug Young,youngdo01,D,1,388,35,45,80,33.7
Gerry Abel,abelge01,LW,1,1,0,0,0,0.0
Gene Achtymichuk,achtyge01,C,12,32,3,5,8,0.1
Greg Adams,adamsgr01,LW,28,544,84,143,227,8.8
Micah Aivazoff,aivazmi01,C,59,92,4,6,10,-1.8
Gary Aldcorn,aldcoga01,LW,116,226,41,56,97,6.0
Daniel Alfredsson,alfreda01,RW,68,1246,444,713,1157,133.6
Keith Allen*,allenke01,D,28,28,0,4,4,2.2
Adam Almqvist,almqvad01,D,2,2,1,0,1,0.2
Dave Amadio,amadida01,D,2,126,5,11,16,4.5
Dale Anderson,anderda01,D,13,13,0,0,0,0.7
Earl Anderson,anderea01,RW,45,109,19,19,38,1.4
Ron Anderson,anderro01,RW,25,251,28,30,58,0.0
Tom Anderson,anderto01,LW/D,27,316,62,127,189,22.3
Al Arbour*,arboual01,D,149,626,12,58,70,39.3
Jack Arbour,arbouja01,D,37,47,5,1,6,3.6
Murray Armstrong,armstmu01,C,118,270,67,121,188,14.0
Brent Ashton,ashtobr01,LW,108,998,284,345,629,39.7
Oscar Asmundson,asmunos01,C,3,111,11,23,34,2.0
Pierre Aubry,aubrypi01,LW,39,201,24,26,50,-1.4
Philippe Audet,audetph01,LW,4,4,0,0,0,-0.1
Sean Avery,averyse01,C,75,580,90,157,247,23.3
Pete Babando,babanpe01,LW,56,351,86,73,159,13.8
Ace Bailey,bailega01,LW,58,568,107,171,278,13.4
Bob Bailey,bailebo01,RW,35,149,15,21,36,1.2
Doug Baldwin,baldwdo01,D,4,24,0,1,1,0.8
Ryan Barnes,barnery01,LW,2,2,0,0,0,0.0
Marty Barry*,barryma01,C,191,507,194,193,387,57.7
Frank Bathe,bathefr01,D,26,224,3,28,31,9.6
Andy Bathgate*,bathgan01,RW,130,1069,349,624,973,91.8
Bob Baun,baunbo01,D,158,964,37,187,224,68.8
Sergei Bautin,bautise01,D,1,132,5,25,30,5.1
Red Beattie,beattre01,LW,10,329,62,85,147,18.0
Dick Behling,behlidi01,D,5,5,1,0,1,0.5
Pete Bellefeuille,bellepe01,RW,43,92,26,6,32,5.2
Frank Bennett,bennefr01,LW/D,7,7,0,1,1,-0.2
Michel Bergeron,bergemi01,RW,174,229,80,58,138,10.6
Marc Bergevin,bergema01,D,70,1191,36,145,181,46.5
Fred Berry,berryfr01,C,3,3,0,0,0,-0.2
Tyler Bertuzzi,bertuty01,LW,128,128,28,43,71,6.9
Phil Besler,besleph01,RW,5,30,1,4,5,-0.4
Pete Bessone,bessope01,D,6,6,0,1,1,0.3
Tom Bissett,bisseto01,C,5,5,0,0,0,-0.3
Steve Black,blackst01,LW,74,113,11,20,31,0.7
Tom Bladon,bladoto01,D,2,610,73,197,270,52.9
Mike Blaisdell,blaismi01,RW,192,343,70,84,154,6.2
Mike Bloom,bloommi01,LW,134,201,30,47,77,1.4
John Blum,blumjo01,D,6,250,7,34,41,12.2
Marc Boileau,boilema01,C,55,55,5,6,11,-0.4
Patrick Boileau,boilepa01,D,25,48,5,11,16,1.8
Leo Boivin*,boivile01,D,85,1150,72,250,322,69.6
Ivan Boldirev,boldiiv01,C,183,1052,361,505,866,62.7
Danny Bolduc,bolduda01,LW,100,102,22,19,41,1.8
Marcel Bonin,boninma01,W,107,454,97,175,272,24.0
David Booth,boothda01,LW,28,530,124,112,236,24.5
Darryl Bootland,bootlda01,RW,28,32,1,2,3,0.0
Henry Boucha,bouchhe01,C,159,247,53,49,102,4.8
Madison Bowey,boweyma01,D,17,101,2,20,22,3.0
Rick Bowness,bowneri01,RW,61,173,18,37,55,-0.8
Irwin Boyd,boydir01,RW,40,94,10,10,20,-0.3
John Brenneman,brennjo01,LW,9,152,21,19,40,0.8
Carl Brewer,breweca01,D,70,604,25,198,223,53.4
Archie Briden,bridear01,LW,27,73,9,5,14,-0.1
Mel Bridgman,bridgme01,C,70,977,252,449,701,45.6
Bernie Brophy,brophbe01,LW,52,62,4,4,8,0.1
Adam Brown,brownad01,LW,149,392,104,114,218,15.1
Arnie Brown,brownar01,D,104,681,44,141,185,41.2
Connie Brown,brownco01,C,73,73,15,24,39,2.9
Gerry Brown,brownge02,LW,23,23,4,5,9,0.4
Larry Brown,brownla01,D,33,455,7,53,60,21.5
Stan Brown,brownst01,D,26,50,8,3,11,7.1
Jeff Brubaker,brubaje01,LW,1,178,16,9,25,-2.2
Eddie Bruneteau,bruneed01,RW,180,180,40,42,82,5.5
Damien Brunner,brunnda01,RW,44,121,25,33,58,5.9
Fabian Brunnstrom,brunnfa01,LW,5,104,19,22,41,3.6
Bill Brydge,brydgbi01,D,31,368,26,52,78,29.5
John Bucyk*,bucykjo01,LW,104,1540,556,813,1369,122.4
Tony Bukovich,bukovto01,LW/C,17,17,7,3,10,0.9
Hy Buller,bullehy01,D,9,188,22,58,80,15.6
Charlie Burns,burnsch01,C,70,749,106,198,304,13.2
Cummy Burton,burtocu01,RW,42,42,0,2,2,-1.2
Eddie Bush,bushed01,D,26,26,4,6,10,2.3
Walt Buswell,buswewa01,D,140,368,10,41,51,22.8
Yuri Butsayev,butsayu01,LW,75,99,10,4,14,0.2
Dmitri Bykov,bykovdm01,D,71,71,2,10,12,2.3
Kyle Calder,caldeky01,LW,19,590,114,180,294,24.6
Mitch Callahan,callami01,RW,5,5,0,0,0,-0.1
Al Cameron,cameral01,D,190,282,11,44,55,10.0
Craig Cameron,camercr01,RW,1,552,87,65,152,3.3
Colin Campbell,campbco01,D,178,636,25,103,128,27.8
Terry Carkner,carknte01,D,88,858,42,188,230,45.4
Billy Carroll,carrobi01,C,52,322,30,54,84,-1.6
Greg Carroll,carrogr01,C,36,131,20,34,54,1.7
Dwight Carruthers,carrudw01,D,1,2,0,0,0,0.1
Frank Carson,carsofr01,RW,123,248,42,48,90,10.4
Frantisek Cernik,cernifr01,W,49,49,5,4,9,-0.5
Milan Chalupa,chalumi01,D,14,14,0,5,5,0.9
Lude Check*,checklu01,LW,1,27,6,2,8,0.1
Jake Chelios,chelija01,D,5,5,0,0,0,0.1
Real Chevrefils,chevrre01,LW,38,387,104,97,201,21.0
Dennis Cholowski,cholode01,D,52,52,7,9,16,1.7
Chris Cichocki,cichoch01,RW,61,68,11,12,23,0.5
Wendel Clark,clarkwe01,LW/D,12,793,330,234,564,51.5
Rejean Cloutier,cloutre02,D,5,5,0,2,2,0.4
Roland Cloutier,cloutro01,C,20,34,8,9,17,1.1
Steve Coates,coatest01,RW,5,5,1,0,1,0.0
Carlo Colaiacovo,colaica01,D,6,470,34,123,157,28.4
Erik Cole,coleer01,LW,11,892,265,267,532,59.0
Mike Commodore,commomi01,D,17,484,23,83,106,20.3
Brian Conacher,conacbr01,LW,22,155,28,28,56,3.3
Charlie Conacher*,conacch01,RW,40,461,224,172,396,66.5
Jim Conacher,conacji01,C,117,328,85,117,202,17.2
Roy Conacher*,conacro01,LW,60,490,226,201,427,50.8
Wayne Connelly,connewa01,C,146,543,133,174,307,21.1
Chris Conner,connech01,RW,8,180,22,28,50,4.2
Bob Connors,connobo01,LW/D,72,78,17,10,27,6.6
Bob Cook,cookbo01,RW,13,72,13,9,22,0.6
Norm Corcoran,corcono01,C/RW,2,29,1,3,4,-0.5
Murray Costello*,costemu01,C,28,163,13,19,32,-0.5
Danny Cox,coxda01,LW,47,319,48,50,98,11.0
Bart Crashley,crashba01,D,109,140,7,36,43,6.9
Murray Craven,cravemu01,LW,46,1071,266,493,759,55.8
Bobby Crawford,crawfbo02,RW,1,16,1,3,4,0.1
Jimmy Creighton,creigji01,F,11,11,1,0,1,-0.1
Cory Cross,crossco01,D,16,659,34,97,131,32.7
Doug Crossman,crossdo01,D,43,914,105,359,464,67.4
Gary Croteau,crotega01,LW,10,684,144,175,319,15.8
Troy Crowder,crowdtr01,RW,7,150,9,7,16,-2.5
Barry Cullen,culleba01,RW,54,218,32,52,84,4.6
Ray Cullen,cullera01,C,27,313,92,123,215,17.2
Jim Cummins,cummiji01,RW,8,511,24,36,60,-3.1
Ian Cushenan,cusheia01,D,5,129,3,11,14,6.8
Frank Daley,daleyfr01,LW/C,5,5,0,0,0,0.4
Trevor Daley,daleytr01,D,121,1015,89,213,302,62.2
Bob Davis,davisbo01,RW,3,3,0,0,0,-0.1
Lorne Davis,davislo01,RW,22,95,8,12,20,0.4
Mal Davis,davisma01,LW,11,100,31,22,53,3.4
Jacob de La Rose,delarja01,LW,60,179,11,17,28,-0.6
Don Deacon,deacodo01,LW,27,27,6,4,10,0.9
Nelson Debenedet,debenne01,LW,15,46,10,4,14,0.5
Gilbert Delorme,delorgi01,D,121,541,31,92,123,28.4
Al Dewsbury,dewsbal01,D,34,357,30,78,108,19.4
Edward Diachuk,diached01,LW,12,12,0,0,0,-0.4
Bob Dillabough,dillabo01,C,9,283,32,54,86,0.9
Cecil Dillon,dilloce01,RW,44,453,167,131,298,43.7
Peter Dineen,dineepe01,D,2,13,0,2,2,-0.1
Per Djoos,djoospe01,D,26,82,2,31,33,4.9
Gary Doak,doakga01,D,48,790,23,107,130,37.7
Bobby Dollas,dollabo01,D,89,646,42,96,138,34.3
John Doran,doranjo01,D,7,98,5,10,15,4.8
Lloyd Doran,doranll01,C,24,24,3,2,5,0.0
Ken Doraty,doratke01,F,2,103,15,26,41,3.3
Kent Douglas,douglke01,D,105,428,33,115,148,35.2
Les Douglas,douglle01,C,52,52,6,12,18,0.6
Aaron Downey,downeaa01,RW,60,243,8,10,18,0.5
Dallas Drake,drakeda01,RW,184,1009,177,300,477,38.7
Rene Drolet,drolere01,RW,1,2,0,0,0,0.0
Clarence Drouillard,drouicl01,C,10,10,0,1,1,-0.3
Lorne Duguid,duguilo01,LW,39,136,9,15,24,-0.2
Art Duncan,duncaar01,D,34,156,18,16,34,17.4
Blake Dunlop,dunlobl01,C,57,550,130,274,404,24.2
Bruce Eakin,eakinbr01,C,4,13,2,2,4,-0.1
Murray Eaves,eavesmu01,C,8,57,4,13,17,-0.3
Tim Ecclestone,eccleti01,LW,191,692,126,233,359,23.6
Pat Egan,eganpa01,D,23,552,77,153,230,48.3
Gerry Ehman,ehmange01,RW,6,429,96,118,214,15.1
Christoffer Ehn,ehnch01,C,60,60,3,6,9,-0.1
Bo Elik,elikbo01,LW,3,3,0,0,0,-0.1
Matt Ellis,ellisma01,LW,51,356,21,28,49,1.5
Cory Emmerton,emmerco01,C,139,139,12,9,21,1.4
Hap Emms,emmsha01,LW/D,119,330,36,53,89,5.0
Anders Eriksson,eriksan01,D,151,572,22,154,176,36.6
Bob Errey,erreybo01,LW,137,895,170,212,382,20.9
Chris Evans,evansch01,D,23,241,19,42,61,8.7
Stewart Evans,evansst01,D,105,367,28,49,77,30.9
Bob Falkenberg,falkebo01,D,54,54,1,5,6,1.3
Alex Faulkner,faulkal01,C,100,101,15,17,32,1.3
Bernie Federko*,federbe01,C,73,1000,369,761,1130,79.8
Brent Fedyk,fedykbr01,LW,162,470,97,112,209,12.1
Lorne Ferguson,fergulo01,LW,114,422,82,80,162,12.8
Mark Ferner,fernema01,D,3,91,3,10,13,2.9
Landon Ferraro,ferrala01,C,17,77,7,5,12,0.3
Guyle Fielder,fieldgu01,C,6,9,0,0,0,-0.3
Tommy Filmore,filmoto01,RW,49,117,16,13,29,1.2
Dunc Fisher,fishedu01,RW,7,274,45,70,115,8.1
Joe Fisher,fishejo01,RW,64,64,8,12,20,0.9
Lee Fogolin,fogolle01,D,123,427,10,47,57,17.1
Rick Foley,foleyri01,D,7,67,11,26,37,5.6
Mike Foligno,foligmi01,RW,186,1018,355,372,727,56.2
Bill Folk,folkbi01,D,12,12,0,0,0,0.8
Len Fontaine,fontale01,RW,46,46,8,11,19,0.8
Yip Foster,fosteyi01,D,18,81,3,2,5,2.2
Frank Foyston*,foystfr01,C/RW,64,64,17,7,24,5.1
Bobby Francis,francbo01,C,14,14,2,0,2,-0.1
Gord Fraser,frasego01,D,45,144,24,12,36,13.7
Frank Fredrickson*,fredrfr01,C,41,161,39,34,73,15.2
Tim Friday,fridati01,D,23,23,0,3,3,0.4
Martin Frk,frkma01,RW,98,100,12,19,31,1.8
Miroslav Frycer,frycemi01,RW,23,415,147,183,330,21.2
Robbie Ftorek,ftorero01,C/LW,15,334,77,150,227,12.8
Jody Gage,gagejo01,RW,50,68,14,15,29,0.8
Art Gagne,gagnear01,RW,13,228,67,34,101,22.5
John Gallagher,gallajo01,D,45,204,14,18,32,14.8
Johan Garpenlov,garpejo01,LW,87,609,114,197,311,19.4
Fern Gauthier,gauthfe01,RW,146,229,46,51,97,4.6
George Gee,geege01,C,186,551,135,183,318,28.2
Gus Giesebrecht,giesegu01,C,135,135,27,51,78,6.3
Brent Gilchrist,gilchbr01,LW,169,792,135,170,305,18.5
Todd Gill,gillto01,D,104,1007,82,272,354,58.5
Farrand Gillie,gillifa01,LW/D,1,1,0,0,0,0.0
Art Giroux,girouar01,RW,4,54,6,4,10,0.2
Larry Giroux,giroula01,D,56,274,15,74,89,12.2
Lorry Gloeckner,gloeclo01,D,13,13,0,2,2,0.3
Fred Glover,glovefr01,C,61,92,13,11,24,1.5
Howie Glover,gloveho01,RW,105,144,29,17,46,2.1
Leroy Goldsworthy,goldsle01,RW,37,336,66,57,123,11.9
Yan Golubovsky,golubya01,D,50,56,1,7,8,2.5
Fred Gordon,gordofr01,RW,38,81,8,7,15,1.0
Ted Graham,grahate01,D,53,347,14,26,40,25.6
Danny Grant,grantda01,RW,174,736,263,273,536,47.3
Leo Gravelle,gravele01,RW,19,223,44,34,78,6.3
Adam Graves,gravead01,LW,78,1152,329,287,616,52.5
Red Green,greenre01,LW,2,195,60,27,87,15.3
Rick Green,greenri01,D,65,845,43,220,263,45.5
Stu Grimson,grimsst01,LW,68,729,17,22,39,-10.0
Lloyd Gross,grossll01,LW,18,52,11,4,15,1.8
Danny Gruen,gruenda01,LW,20,49,9,13,22,1.2
Bep Guidolin,guidobe01,LW,62,519,107,171,278,17.1
Marc Habscheid,habscma01,RW/C,112,345,72,91,163,7.2
Lloyd Haddon,haddoll01,D,8,8,0,0,0,0.3
Harold Halderson,haldeha01,D,18,44,3,2,5,3.0
Len Haley,haleyle01,RW,30,30,2,2,4,-0.3
Bob Halkidis,halkibo01,D,32,256,8,32,40,10.3
Murray Hall,hallmu01,RW,13,164,35,48,83,4.6
Doug Halward,halwado01,D,99,653,69,224,293,41.1
Ted Hampson,hampste01,C,110,677,108,245,353,20.9
Dave Hanson,hansoda01,D,11,33,1,1,2,1.1
Emil Hanson,hansoem01,RW/D,7,7,0,0,0,0.5
Billy Harris,harribi01,C,24,770,126,219,345,22.6
Ted Harris,harrite01,D,41,788,30,168,198,57.5
Gerry Hart,hartge01,D,71,730,29,150,179,48.2
Gizzy Hart,hartgi01,LW,3,99,6,9,15,0.5
Mark Hartigan,hartima01,C,23,102,19,11,30,2.7
Buster Harvey,harvebu01,RW,89,407,90,118,208,12.4
Doug Harvey*,harvedo01,D,2,1113,88,452,540,123.2
Derian Hatcher,hatchde01,D,15,1045,80,251,331,77.7
Ed Hatoum,hatoued01,RW,21,47,3,6,9,-0.8
Jim Hay,hayji01,D,75,75,1,5,6,5.5
Galen Head,headga01,RW,1,1,0,0,0,-0.1
Rich Healey,healeri01,D,1,1,0,0,0,0.0
John Hendrickson,hendrjo01,D,5,5,0,0,0,0.2
Jimmy Herbert,herbeji01,C/RW,63,206,83,34,117,28.0
Art Herchenratter,herchar01,LW,10,10,1,2,3,0.1
Bryan Hextall,hextabr02,C,21,549,99,161,260,11.5
Dennis Hextall,hextade01,LW,193,681,153,350,503,33.0
Joe Hicketts,hickejo01,D,16,16,0,3,3,0.3
Glenn Hicks,hicksgl01,LW,108,108,6,12,18,-1.6
Henry Hicks,hickshe01,D,46,90,5,2,7,8.0
Tim Higgins,higgiti01,RW,181,706,154,198,352,17.9
Dutch Hiller,hilledu01,LW,9,382,91,112,203,14.8
Jim Hiller,hilleji01,RW,21,63,8,12,20,0.5
Larry Hillman,hillmla01,D,69,789,36,196,232,57.3
John Hilworth,hilwojo01,D,57,57,1,1,2,1.5
Taro Hirose,hirosta01,LW,10,10,1,6,7,0.5
Flash Hollett,hollefl01,D,115,560,132,181,313,78.1
Gord Hollingworth,holligo01,D,93,163,4,14,18,7.3
Chuck Holmes,holmech01,RW,23,23,1,3,4,-0.3
John Holota,holotjo01,C,15,15,2,0,2,-0.1
Pete Horeck,horecpe01,LW,148,426,106,118,224,17.3
Marian Hossa,hossama01,RW,74,1309,525,609,1134,144.2
Doug Houda,houdado01,D,172,561,19,63,82,19.5
Mark Howe*,howema02,D,122,929,197,545,742,111.9
Filip Hronek,hronefi01,D,46,46,5,18,23,2.9
Ron Hudson,hudsoro01,C,33,33,5,2,7,0.1
Brent Hughes,hughebr01,D,69,436,15,117,132,22.8
James Hughes,hugheja01,D,40,40,0,1,1,2.4
Dennis Hull,hullde01,LW,55,959,303,351,654,55.7
Kent Huskins,huskike01,D,11,318,13,55,68,18.0
Matt Hussey,hussema01,C,5,21,2,2,4,0.0
Miroslav Ihnacak,ihnacmi01,LW,1,56,8,9,17,0.3
Earl Ingarfield,ingarea02,C,22,39,4,4,8,-0.1
Ron Ingram,ingraro01,D,50,114,5,15,20,5.3
Harold Jackson,jacksha01,D,178,219,17,35,52,17.2
Doug Janik,janikdo01,D,29,190,3,16,19,3.1
Lou Jankowski,jankolo01,C/RW,23,131,19,18,37,1.5
Gary Jarrett,jarrega01,LW,72,341,72,92,164,10.7
Pierre Jarry,jarrypi01,LW,91,344,88,117,205,13.8
Larry Jeffrey,jeffrla01,LW,170,368,39,62,101,1.4
Bill Jennings,jennibi01,RW,69,108,32,34,66,4.3
Nick Jensen,jenseni02,D,190,210,6,42,48,8.5
Allan Johnson,johnsal01,RW/C,103,105,21,28,49,3.1
Brian Johnson,johnsbr01,RW,3,3,0,0,0,-0.2
Danny Johnson,johnsda01,C,43,120,18,19,37,0.7
Earl Johnson,johnsea01,LW,1,1,0,0,0,0.0
Greg Johnson,johnsgr02,C,177,785,145,224,369,26.7
Eddie Johnstone,johnsed02,RW,55,426,122,136,258,16.0
Buck Jones,jonesbu01,D,34,50,2,3,5,3.0
Eddie Joyal,joyaled01,C,107,465,128,134,262,20.2
Tomas Jurco,jurcoto01,RW,159,201,22,28,50,3.7
Francis Kane,kanefr01,D,2,2,0,0,0,0.1
Jack Keating,keatija01,LW,12,12,3,0,3,0.3
Duke Keats*,keatsdu01,C,29,82,29,19,48,11.0
Dave Kelly,kellyda01,RW,16,16,2,0,2,-0.3
Pete Kelly,kellype01,RW,136,180,21,38,59,3.4
Forbes Kennedy,kennefo01,C,168,603,70,108,178,2.7
Sheldon Kennedy,kennesh01,RW,183,310,49,58,107,3.7
Alan Kerr,kerral01,RW,58,391,72,94,166,7.4
Brian Kilrea*,kilrebr01,C,1,26,3,5,8,0.1
Ken Kilrea,kilreke01,LW,91,91,16,24,40,2.5
Wally Kilrea,kilrewa01,RW/C,99,325,35,58,93,4.2
Kris King,kingkr01,LW,58,849,66,85,151,-4.4
Mark Kirton,kirtoma01,C,134,266,57,56,113,3.5
Hobie Kitchen,kitchho01,D,17,47,5,4,9,4.9
Mike Knuble,knublmi01,RW,62,1068,278,270,548,60.4
Ladislav Kohn,kohnla01,RW,4,186,14,28,42,0.4
Steve Konroyd,konrost01,D,25,895,41,195,236,46.0
Tomas Kopecky,kopecto01,C,183,578,68,106,174,11.2
Jim Korn,kornji01,D/LW,185,597,66,122,188,19.8
Mike Korney,kornemi01,RW,59,77,9,10,19,-0.3
Chris Kotsopoulos,kotsoch01,D,2,479,44,109,153,24.6
Dale Krentz,krentda01,LW,30,30,5,3,8,0.1
Jim Krulicki,kruliji01,LW,14,41,0,3,3,-1.1
Uwe Krupp,kruppuw01,D,30,729,69,212,281,54.7
Gord Kruppke,kruppgo01,D,23,23,0,0,0,0.3
Mike Krushelnyski,krushmi01,LW/C,20,897,241,328,569,38.4
Dave Kryskow,kryskda01,LW,18,231,33,56,89,2.8
Ryan Kuffner,kuffnry01,LW,10,10,0,0,0,-0.3
Mark Kumpel,kumpema01,RW,18,288,38,46,84,1.5
Maxim Kuznetsov,kuznema01,D,117,136,2,8,10,2.2
Leo Labine,labinle01,RW,72,643,128,193,321,28.9
Claude Laforge,laforcl01,LW,123,193,24,33,57,1.8
Roger Lafreniere,lafrero01,LW,3,13,0,0,0,-0.2
Serge Lajeunesse,lajeuse01,D/RW,97,103,1,4,5,1.4
Hec Lalande,lalanhe01,C,11,151,21,39,60,3.0
Joe Lamb,lambjo01,RW,12,443,110,101,211,26.2
Mark Lamb,lambma01,C,22,403,46,100,146,2.6
Lane Lambert,lambela01,RW,176,283,58,66,124,5.5
Robert Lang,langro01,C,159,989,261,442,703,70.3
Josh Langfeld,langfjo01,RW,33,143,9,23,32,2.3
Albert Langlois,langlal01,D,83,498,21,91,112,31.6
Darryl Laplante,laplada01,C,35,35,0,6,6,-0.1
Rick Lapointe,lapoiri01,D,129,664,44,175,219,42.7
Brian Lashoff,lashobr01,D,127,127,2,12,14,2.6
Brian Lavender,lavenbr01,LW,30,184,16,26,42,-1.4
Danny Lawson,lawsoda01,RW,45,218,28,29,57,0.9
Reggie Leach,leachre01,RW,78,934,381,285,666,57.8
Jim Leavins,leaviji01,D,37,41,2,12,14,1.1
Fern LeBlanc,leblafe01,C,34,34,5,6,11,0.3
J.P. LeBlanc,leblajp01,C,147,153,14,30,44,0.3
Rene Leclerc,leclere01,RW,87,87,10,11,21,-0.3
David Legwand,legwada01,C,21,1136,228,390,618,59.8
Ville Leino,leinovi01,LW,55,286,40,79,119,9.8
Real Lemieux,lemiere01,LW,1,457,51,104,155,3.7
Dave Lewis,lewisda02,D,64,1008,36,187,223,57.9
Tony Licari,licarto01,RW,9,9,0,1,1,-0.2
Ed Litzenberger,litzeed01,C/RW,32,619,178,238,416,39.3
Mark Lofthouse,lofthma01,RW/C,40,181,42,38,80,3.8
Claude Loiselle,loisecl01,C,128,616,92,117,209,3.4
Barry Long,longba01,D,80,280,11,68,79,14.9
Matthew Lorito,loritma01,RW,2,2,0,1,1,0.1
Clem Loughlin,loughcl01,D,77,101,8,6,14,8.1
Don Luce,lucedo01,C,58,894,225,328,553,44.1
Tord Lundstrom,lundsto01,LW,11,11,1,1,2,-0.1
Pat Lundy,lundypa01,C,89,150,37,32,69,5.0
Chris Luongo,luongch01,D,4,218,8,23,31,5.3
George Lyle,lylege01,LW,69,99,24,38,62,3.7
Jack Lynch,lynchja01,D,85,382,24,106,130,13.7
Vic Lynn,lynnvi01,LW/D,3,327,49,76,125,20.5
Lowell MacDonald,macdolo01,LW,46,506,180,210,390,35.4
Calum MacKay,mackaca01,LW,6,237,50,55,105,10.1
Howie Mackie,mackiho01,RW/D,16,16,1,0,1,0.6
Don MacLean,macledo01,C,3,41,8,5,13,0.9
Paul MacLean,maclepa01,RW,76,719,324,349,673,52.1
Rick MacLeish,macleri01,C,25,846,349,410,759,66.5
Brian MacLellan,maclebr01,LW,23,606,172,241,413,24.1
John MacMillan,macmijo01,RW,23,104,5,10,15,-1.0
Jamie Macoun,macouja01,D,76,1128,76,282,358,72.8
Pete Mahovlich,mahovpe01,C,186,883,288,485,773,68.9
Mark Major,majorma01,LW,2,2,0,0,0,0.0
Dan Maloney,malonda01,LW,177,737,192,259,451,32.3
Steve Maltais,maltast01,LW,4,120,9,18,27,-0.8
Randy Manery,manerra01,D,3,582,50,206,256,48.1
Ken Mann,mannke01,RW,1,1,0,0,0,-0.1
Bob Manno,mannobo01,D,136,371,41,132,173,21.5
Alexey Marchenko,marchal01,D,110,121,4,17,21,5.3
Lou Marcon,marcolo01,D,60,60,0,4,4,2.7
Gus Marker,markegu01,RW,20,323,64,70,134,12.8
Danny Markov,markoda01,D,66,538,29,118,147,31.9
Brad Marsh,marshbr01,D,75,1086,23,175,198,46.6
Gary Marsh,marshga01,LW,6,7,1,3,4,0.3
Bert Marshall,marshbe01,D,155,868,17,181,198,51.3
Clare Martin,marticl01,D,114,237,12,28,40,16.4
Pit Martin,martipi01,C,119,1101,324,485,809,69.9
Don Martineau,martido01,RW,10,90,6,10,16,-1.0
Steve Martinson,martist01,LW,10,49,2,1,3,-0.9
Charley Mason,masonch01,RW,4,93,7,18,25,0.5
Joe Matte,mattejo02,D,12,24,0,3,3,1.5
Brad May,maybr01,LW,40,1041,127,161,288,17.1
Gary McAdam,mcadaga01,LW,40,528,94,132,226,9.4
Jud McAtee,mcateju01,LW,46,46,15,13,28,2.3
Stan McCabe,mccabst01,LW,65,74,9,5,14,0.7
Doug McCaig,mccaido01,D,92,263,8,21,29,9.3
Rick McCann,mccanri01,C,42,42,1,4,5,-1.1
Tom McCarthy,mccarto01,LW,36,60,8,9,17,0.3
Kevin McClelland,mccleke01,RW,64,588,68,112,180,-1.2
Bob McCord,mccorbo01,D,26,316,10,58,68,15.7
Bill McCreary,mccrebi01,LW,3,309,53,62,115,7.6
Brian McCutcheon,mccutbr01,LW,37,37,3,1,4,-0.5
Ab McDonald,mcdonab01,LW,74,762,182,248,430,35.4
Bucko McDonald,mcdonbu01,D,170,446,35,88,123,35.9
Butch McDonald,mcdonbu02,LW/C,40,66,8,20,28,0.9
Al McDonough,mcdonal01,RW,13,237,73,88,161,13.8
Bill McDougall,mcdoubi01,C,2,28,5,5,10,0.6
Mike McEwen,mcewemi01,D,29,716,108,296,404,58.7
Bob McGill,mcgilbo01,D,12,706,17,55,72,21.0
Dylan McIlrath,mcilrdy01,D,7,50,3,2,5,1.8
Bert McInenly,mcinebe01,LW/D,61,166,19,15,34,14.4
Jack McIntyre,mcintja01,D,145,499,109,102,211,16.6
Randy McKay,mckayra02,RW,83,932,162,201,363,29.2
Tony McKegney,mckegto01,LW,14,912,320,319,639,45.3
Don McKenney,mckendo01,C,24,798,237,345,582,52.7
John McKenzie,mckenjo01,RW,75,692,206,268,474,41.2
Andrew McKim,mckiman01,C,2,38,1,4,5,-0.7
Rollie McLenahan,mclenro01,D,8,8,2,1,3,0.9
Al McLeod,mcleoal01,D,26,26,2,2,4,0.8
Mike McMahon,mcmahmi02,D,2,224,15,68,83,15.8
Max McNab,mcnabma01,C,128,128,16,19,35,1.7
Stu McNeill,mcneist01,C,11,11,1,1,2,-0.1
Basil McRae,mcraeba01,LW,40,576,53,83,136,-2.6
Chris McRae,mcraech01,LW,7,21,1,0,1,-0.4
Pat McReavy,mcreapa01,C,33,55,5,8,13,0.0
Derek Meech,meechde01,D,126,144,4,13,17,1.6
Harry Meeking,meekiha01,LW,3,64,19,13,32,0.9
Wade Megan,meganwa01,C,11,15,1,1,2,0.0
Tom Mellor,melloto01,D,26,26,2,4,6,0.9
Gerry Melnyk,melnyge01,C,133,269,39,77,116,6.5
Barry Melrose,melroba01,D,35,300,10,23,33,6.5
Howie Menard,menarho01,C,3,151,23,42,65,4.2
Glenn Merkosky,merkogl01,C,20,66,5,12,17,-0.5
Nick Mickoski,mickoni01,LW,103,705,158,185,343,29.4
Hugh Millar,millahu01,D,4,4,0,0,0,0.2
Kevin Miller,milleke02,C,95,620,150,185,335,24.8
Tom Miller,milleto01,C,29,118,16,25,41,0.4
Dmitri Mironov,mirondm01,D,11,556,54,206,260,44.2
John Miszuk,miszujo01,D,42,237,7,39,46,14.5
Bill Mitchell,mitchbi01,D,1,1,0,0,0,0.0
Mike Modano*,modanmi01,C,40,1499,561,813,1374,144.9
Ron Moffat,moffaro01,LW,37,37,1,1,2,-0.7
John Mokosak,mokosjo01,D,41,41,0,2,2,0.5
Garry Monahan,monahga01,LW,51,748,116,169,285,12.3
Hank Monteith,monteha01,LW,77,77,5,12,17,-0.5
Don Morrison,morrido01,C,53,112,18,28,46,2.6
Jim Morrison,morriji01,D,70,704,40,161,201,52.6
Rod Morrison,morriro01,RW,34,34,8,7,15,1.4
Dean Morton,mortode01,D,1,1,1,0,1,0.1
Gus Mortson,mortsgu01,D,36,797,46,152,198,54.4
Mark Mowers,mowerma01,C,98,278,18,44,62,3.5
Wayne Muloin,muloiwa01,D,3,145,3,21,24,5.4
Don Murdoch,murdodo01,RW,49,320,121,117,238,18.3
Brian Murphy,murphbr01,C/LW,1,1,0,0,0,0.0
Joe Murphy,murphjo01,RW,90,779,233,295,528,46.8
Ron Murphy,murphro01,LW,90,889,205,274,479,38.4
Ken Murray,murrake01,D,31,106,1,10,11,4.2
Terry Murray,murrate01,D,23,303,4,76,80,15.2
Jan Mursak ,mursaja01,LW,46,46,2,2,4,-0.1
Anders Myrvold,myrvoan01,D,8,33,0,5,5,0.5
Jim Nahrgang,nahrgji01,D,57,57,5,12,17,3.0
Andrej Nestrasil,nestran01,RW,13,128,17,31,48,4.9
Kris Newbury,newbukr01,C,4,76,4,6,10,0.5
Rick Newell,newelri01,D,7,7,0,0,0,0.1
John Newman,newmajo01,C/LW,9,9,1,1,2,0.1
Ed Nicholson,nichoed01,D,1,1,0,0,0,0.1
Jim Niekamp,niekaji01,D,29,29,0,2,2,0.1
Jim Nill,nillji01,RW,122,524,58,87,145,-0.8
Ted Nolan,nolante01,C,60,78,6,16,22,-0.5
Brad Norton,nortobr01,D,6,124,3,8,11,2.3
Tomas Nosek,nosekto01,C,17,152,16,17,33,1.8
Hank Nowak,nowakha01,LW,56,180,26,29,55,0.2
Russell Oatman,oatmaru01,LW,12,120,20,9,29,5.2
Gerry Odrowski,odrowge01,D,138,309,12,19,31,16.1
Fredrik Olausson,olausfr01,D,47,1022,147,434,581,89.0
Murray Oliver,olivemu01,C,101,1127,274,454,728,54.2
Dennis Olson,olsonde01,C,3,3,0,0,0,-0.1
Mark Osborne,osborma01,LW,160,919,212,319,531,28.7
Steve Ott,ottst01,C,42,848,109,179,288,19.6
Xavier Ouellet,ouellxa01,D,141,160,5,21,26,5.9
Pete Palangio,palanpe01,LW,14,71,13,10,23,2.0
Brad Park*,parkbr01,D,147,1113,213,683,896,143.5
Joe Paterson,paterjo01,LW,115,291,19,37,56,-3.1
George Patterson,pattege01,W,7,270,51,27,78,8.8
Butch Paul,paulbu01,C,3,3,0,0,0,-0.1
Jim Pavese,pavesji01,D,46,328,13,44,57,12.2
Mark Pederson,pederma01,LW,2,169,35,50,85,4.9
Bert Peer,peerbe01,RW,1,1,0,0,0,0.0
Jimmy Peters,peterji01,RW,162,574,125,150,275,24.7
Jimmy Peters,peterji02,C,54,309,37,36,73,0.2
Brent Peterson,peterbr01,C,91,620,72,141,213,5.5
Gord Pettinger,pettigo01,C,152,292,42,72,114,11.2
Robert Picard,picarro02,D,20,899,104,319,423,62.2
Alex Pirus,pirusal01,RW,4,159,30,28,58,1.8
Rob Plumb,plumbro02,LW,14,14,3,2,5,0.2
Nels Podolsky,podolne01,LW,1,1,0,0,0,0.0
Bud Poile*,poilebu01,RW,56,311,107,122,229,22.2
Don Poile,poiledo01,C,67,67,7,9,16,0.1
Poul Popiel,popiepo01,D,94,225,13,41,54,12.1
Marc Potvin,potvima01,RW,14,121,3,5,8,-3.0
Noel Price,priceno01,D,20,500,14,114,128,29.4
Andre Pronovost,pronoan01,LW,120,557,94,104,198,10.4
Matt Puempel,puempma01,LW,8,87,11,5,16,1.0
Teemu Pulkkinen,pulkkte01,RW,70,83,13,9,22,2.6
Jamie Pushor,pushoja01,D,134,521,14,46,60,17.4
Nelson Pyatt,pyattne01,C,14,296,71,63,134,5.8
Rags Raglan,raglara01,D,33,100,4,9,13,5.4
Mike Ramsey,ramsemi01,D,82,1070,79,266,345,77.4
Michael Rasmussen,rasmumi01,C,62,62,8,10,18,1.0
Matt Ravlich,ravlima01,D,46,411,12,78,90,24.6
Marc Reaume,reaumma01,D,47,344,8,43,51,18.2
Billy Reay,reaybi01,C,4,479,105,162,267,24.7
Dan Renouf,renouda01,D,1,1,0,0,0,0.0
Brad Richards,richabr01,C,68,1126,298,634,932,92.8
Dave Richardson,richada01,LW,1,45,3,2,5,-0.9
Steve Richmond,richmst01,D,29,159,4,23,27,4.5
Jack Riley,rileyja01,C,1,104,10,22,32,1.8
Jim Riley,rileyji01,LW,6,9,0,2,2,-0.1
Bob Ritchie,ritchbo01,LW,28,29,8,4,12,0.6
Mattias Ritola,ritolma01,RW,7,43,4,5,9,0.4
Jamie Rivers,riverja01,D,65,454,17,49,66,15.7
Wayne Rivers,riverwa01,RW,2,108,15,30,45,2.0
Phil Roberto,roberph01,RW,83,385,75,106,181,9.7
Doug Roberts,roberdo01,RW,134,419,43,104,147,9.2
Fred Robertson,roberfr01,D,20,48,2,0,2,2.9
Torrie Robertson,roberto01,LW,54,442,49,99,148,1.8
Nathan Robinson,robinna01,C,5,7,0,0,0,-0.1
Luc Robitaille*,robitlu01,LW,162,1431,668,726,1394,138.6
Mike Robitaille,robitmi01,D,23,382,23,105,128,26.5
Des Roche,rochede01,RW,15,113,20,18,38,4.9
Earl Roche,rocheea01,LW,13,147,25,27,52,4.3
Dave Rochefort,rocheda01,C,1,1,0,0,0,0.0
Leon Rochefort,rochele01,RW,84,617,121,147,268,16.1
Harvey Rockburn,rockbha01,D,78,94,4,3,7,5.9
Marc Rodgers,rodgema01,RW,21,21,1,1,2,-0.1
Stacy Roest,roestst01,RW,110,244,28,48,76,5.9
Dale Rolfe,rolfeda01,D,64,509,25,125,150,35.2
Roly Rossignol,rossiro01,RW,9,14,3,5,8,0.5
Rolly Roulston,roulsro01,LW/D,24,24,0,6,6,2.3
Tom Rowe,roweto01,RW,51,357,85,100,185,9.1
Bernie Ruelle,ruellbe01,LW,2,2,1,0,1,0.1
Robbie Russo,russoro01,D,19,19,0,0,0,0.5
Ruslan Salei,saleiru01,D,75,917,45,159,204,47.0
Borje Salming*,salmibo01,D,49,1148,150,637,787,112.8
Barry Salovaara,salovba01,D,90,90,2,13,15,3.4
Ulf Samuelsson,samueul01,D,4,1080,57,275,332,72.1
Ed Sandford,sandfed01,LW,5,503,106,145,251,23.0
Tomas Sandstrom,sandsto01,RW,34,983,394,462,856,71.4
Kevin Schamehorn,schamke01,RW,5,10,0,0,0,-0.4
Jim Schoenfeld,schoeji01,D,96,719,51,204,255,62.5
Dwight Schofield,schofdw01,D,3,211,8,22,30,8.7
Enio Sclisizzi,sclisen01,LW,67,81,12,11,23,1.4
Earl Seibert*,seibeea01,D,43,657,89,187,276,66.2
Ric Seiling,seiliri01,RW/C,74,738,179,208,387,25.5
Daniel Shank,shankda01,RW,64,77,13,14,27,0.8
Jeff Sharples,sharpje01,D,105,105,14,35,49,8.2
Doug Shedden,shedddo01,C,44,416,139,186,325,19.7
Bobby Sheehan,sheehbo01,C,34,310,48,63,111,4.7
Tim Sheehy,sheehti01,RW,15,27,2,1,3,-0.6
Frank Sheppard,sheppfr01,C/LW,9,9,1,0,1,0.2
Johnny Sheppard,sheppjo01,LW,87,311,69,58,127,19.2
John Sherf,sherfjo01,LW,19,19,0,0,0,-0.7
Gordon Sherritt,sherrgo01,D,8,8,0,0,0,0.5
Jim Shires,shireji01,LW,21,56,3,6,9,-1.3
Steve Short,shortst01,LW,1,6,0,0,0,-0.1
Gary Shuchuk,shuchga01,RW,6,142,13,26,39,0.3
Dave Silk,silkda01,RW,12,249,54,59,113,4.6
Mike Sillinger,sillimi01,C,129,1049,240,308,548,40.9
Cully Simon,simoncu01,D,102,130,4,11,15,9.7
Thain Simon,simonth01,D,3,3,0,0,0,0.1
Cliff Simpson,simpscl01,C,6,6,0,1,1,-0.1
Reg Sinclair,sinclre01,RW/C,69,208,49,43,92,8.9
Darryl Sittler*,sittlda01,C,61,1096,484,637,1121,95.9
Bjorn Skaare,skaarbj01,C,1,1,0,0,0,0.0
Jiri Slegr,slegrji01,D,8,622,56,193,249,43.8
Alex Smith,smithal02,D,48,443,41,51,92,48.0
Brad Smith,smithbr03,RW,63,222,28,34,62,-0.2
Brian Smith,smithbr01,LW,61,61,2,8,10,-0.7
Carl Smith,smithca01,RW,7,7,1,1,2,0.0
Derek Smith,smithde02,C/LW,91,335,78,116,194,11.6
Nakina Smith,smithna01,C,10,10,1,2,3,0.0
Rick Smith,smithri01,D,11,687,52,167,219,48.1
Ted Snell,snellte01,RW,20,104,7,18,25,-1.1
Harold Snepsts,snepsha01,D,120,1033,38,195,233,54.0
Sandy Snow,snowsa01,RW,3,3,0,0,0,-0.1
Dennis Sobchuk,sobchde01,C,33,35,5,6,11,0.0
Ken Solheim,solheke01,LW,10,135,19,20,39,-0.1
Bob Solinger,solinbo01,W,1,99,10,11,21,0.8
Fred Speck,speckfr01,C,10,28,1,2,3,-1.1
Ted Speers,speerte01,RW,4,4,1,1,2,0.2
Irv Spencer,spencir01,D,30,230,12,38,50,10.4
Ryan Sproul,sproury01,D,28,44,2,10,12,1.1
Andre St. Laurent,stlauan01,C,172,644,129,187,316,17.9
Ron Stackhouse,stackro01,D,184,889,87,372,459,74.1
Garrett Stafford,staffga01,D,2,7,0,2,2,0.3
Ed Stankiewicz,stanked01,C,6,6,0,0,0,-0.2
Wilf Starr,starrwi01,C,61,87,9,7,16,0.1
Ray Staszak,staszra01,RW,4,4,0,1,1,-0.1
Frank Steele,steelfr01,RW/D,1,1,0,0,0,0.1
Pete Stemkowski,stemkpe01,C,170,967,206,349,555,38.2
Blair Stewart,stewabl01,C,36,229,34,44,78,1.1
Gaye Stewart,stewaga01,LW,67,502,185,159,344,34.3
Gord Strate,stratgo01,D,62,62,0,0,0,2.2
Art Stratton,stratar01,C/LW,5,95,18,33,51,3.4
Ben Street,streebe01,C,6,56,3,5,8,-0.1
Libor Sulak,sulakli01,D,6,6,0,0,0,-0.2
Barry Sullivan,sulliba01,RW,1,1,0,0,0,0.0
Bill Sutherland,suthebi01,C,5,250,70,58,128,11.4
Evgeny Svechnikov,svechev01,LW,16,16,2,2,4,0.3
John Taft,taftjo01,D,15,15,0,2,2,0.9
Jean-Guy Talbot,talboje01,D,32,1066,43,242,285,85.7
Chris Tancill,tancich01,C,5,134,17,32,49,1.5
Eric Tangradi,tangrer01,C,1,150,5,11,16,-1.2
Billy Taylor,taylobi01,C,60,321,87,179,266,23.1
Ted Taylor,taylote01,LW,2,166,23,35,58,1.5
Tim Taylor,tayloti01,C,139,746,73,94,167,5.2
Lorrain Thibeault,thibelo01,LW,4,6,0,2,2,0.0
Steve Thomas,thomast01,LW,44,1235,421,512,933,85.0
Bill Thomson,thomsbi02,C/RW,9,9,2,2,4,0.1
Jordin Tootoo,tootojo01,RW,53,723,65,96,161,9.8
Jerry Toppazzini,toppaje01,RW,40,784,163,244,407,28.8
Larry Trader,tradela01,D,55,91,5,13,18,4.1
Percy Traub,traubpe01,D,88,130,3,3,6,7.9
Dave Trottier,trottda01,LW,11,446,121,113,234,31.2
Dominic Turgeon,turgedo01,C,9,9,0,0,0,-0.3
Eric Vail,vailer01,LW,52,591,216,260,476,38.8
Thomas Vanek,vanekth01,LW,112,1029,373,416,789,95.9
Rick Vasko,vaskori01,D,31,31,3,7,10,1.2
Darren Veitch,veitcda01,D,153,511,48,209,257,40.7
Pat Verbeek,verbepa01,RW,135,1424,522,540,1062,94.7
Dennis Vial,vialde01,D/LW,45,242,4,15,19,5.5
Doug Volmar,volmado01,RW,41,62,13,8,21,1.3
Carl Voss*,vossca01,C,46,264,34,71,105,7.5
Jack Walker*,walkeja01,F,84,84,5,8,13,-0.4
Bob Wall,wallbo01,D,85,322,30,55,85,11.9
Jesse Wallin,wallije01,D,49,49,0,2,2,0.2
Wes Walz,walzwe01,C,2,607,109,151,260,22.8
Harry Watson*,watsoha02,LW,94,809,236,207,443,45.3
Jim Watson,watsoji01,D,77,221,4,19,23,3.7
Brian Watts,wattsbr01,LW,4,4,0,0,0,-0.1
Tom Webster,webstto01,RW,84,102,33,42,75,5.0
Cooney Weiland*,weilaco01,C,88,509,173,162,335,54.6
Stan Weir,weirst01,C,57,642,139,207,346,17.6
Stephen Weiss,weissst01,C,78,732,156,267,423,40.0
Ian White,whiteia01,D,102,503,45,134,179,35.2
Bob Whitelaw,whitebo01,D,32,32,0,1,1,2.1
Ray Whitney,whitnra01,LW,67,1330,385,679,1064,108.0
Arch Wilder,wildear01,LW,18,18,0,2,2,-0.3
Bob Wilkie,wilkibo01,D,8,18,2,5,7,0.8
Burr Williams,willibu01,D,6,22,0,1,1,1.2
Fred Williams,willifr01,C,44,44,2,5,7,-0.7
Tiger Williams,williti01,LW,55,962,241,272,513,29.7
Larry Wilson,wilsola01,C,21,152,21,48,69,4.6
Rick Wilson,wilsori01,D,77,239,6,26,32,9.7
Scott Wilson,wilsosc01,C/LW,17,187,19,30,49,2.6
Murray Wing,wingmu01,D,1,1,0,1,1,0.0
Eddie Wiseman,wisemed01,RW,132,456,114,165,279,30.5
Luke Witkowski,witkolu01,D,65,119,1,9,10,1.6
Steve Wojciechowski,wojcist01,RW,54,54,19,20,39,3.3
Mike Wong,wongmi01,C,22,22,1,1,2,-0.7
Jason Woolley,woollja01,D,170,718,68,246,314,58.9
Larry Wright,wrighla01,C,66,106,4,8,12,-2.1
Jason York,yorkja01,D,19,757,42,187,229,48.8
B.J. Young,youngbj01,RW,1,1,0,0,0,0.0
Warren Young,youngwa01,C,79,236,72,77,149,8.1
Filip Zadina,zadinfi01,RW,9,9,1,2,3,0.0
Larry Zeidel,zeidela01,D,28,158,3,16,19,7.6
Ed Zeniuk,zeniued01,D,2,2,0,0,0,0.1
Marek Zidlicky,zidlima01,D,21,836,89,328,417,70.7
Rudy Zunich,zunicru01,D,2,2,0,0,0,0.1
