David Aebischer,aebisda01,G,39,214,0,0,106,39.1
John Aiken,aikendo01,G,1,1,0,0,0,-0.4
Alex Auld,auldal01,G,16,237,0,0,91,35.8
Garry Bauman,baumaga01,G,2,35,0,0,5,2.5
Jean-Claude Bergeron,bergeje01,G,18,72,0,0,21,5.4
Paul Bibeault,bibeapa01,G,102,215,0,0,81,31.0
Andre Binette,binetan01,G,1,1,0,0,1,0.0
Claude Bourque,bourqcl01,G,61,62,0,0,18,6.0
Len Broderick,brodele01,G,1,1,0,0,1,0.2
Peter Budaj,budajpe01,G,54,368,0,0,158,50.6
Frederic Chabot,chabofr01,G,16,32,0,0,4,2.8
Lorne Chabot,chabolo01,G,47,412,0,0,200,75.3
Sprague Cleghorn,cleghsp01,D,1,259,83,60,143,47.7
Mike Condon,condomi01,G,55,129,0,0,45,17.1
Abbie Cox,coxab01,G,1,5,0,0,1,0.6
Claude Cyr,cyrcl01,G,1,1,0,0,0,0.1
Yann Danis,danisya01,G,6,55,0,0,17,8.2
Denis DeJordy,dejorde01,G,7,317,0,0,120,43.9
Marc Denis,denisma01,G,1,349,0,0,112,56.2
Tony Esposito,esposto01,G,13,886,0,0,423,178.7
Claude Evans,evanscl01,G,4,5,0,0,1,0.2
Randy Exelby,exelbra01,G,1,2,0,0,0,0.1
Eric Fichaud,fichaer01,G,2,95,0,0,22,12.2
Stephane Fiset,fisetst01,G,2,390,0,0,164,62.2
Bert Gardiner,gardibe01,G,52,144,0,0,49,19.2
Mathieu Garon,garonma01,G,43,341,0,0,144,49.0
Paul Gauthier,gauthpa01,G,1,1,0,0,0,0.3
Jeff Hackett,hackeje01,G,161,500,0,0,166,82.6
Jaroslav Halak,halakja01,G,101,489,0,0,254,88.8
Brian Hayward,haywabr01,G,141,357,0,0,143,49.1
Denis Herron,herrode01,G,86,462,0,0,146,69.6
Mark Holden,holdema01,G,4,8,0,0,2,0.7
Cristobal Huet,huetcr01,G,117,272,0,0,129,48.2
Pat Jablonski,jablopa01,G,40,128,0,0,28,14.4
Mike Karakas,karakmi01,G,5,336,0,0,114,51.1
Les Kuntar,kuntale01,G,6,6,0,0,2,0.5
Patrick Labrecque,labrepa01,G,2,2,0,0,0,0.1
Frenchy Lacroix,lacrofr01,G,5,5,0,0,1,0.1
Albert Leduc,leducal01,D,1,383,57,36,93,49.9
Charlie Lindgren,lindgch01,G,18,18,0,0,8,3.4
Cesare Maniago,maniace01,G,14,568,0,0,190,80.9
Roland Melanson,melanro01,G,9,291,0,0,129,50.7
Olivier Michaud,michaol01,G,1,1,0,0,0,0.2
Al Montoya,montoal01,G,23,168,0,0,67,23.7
Andy Moog,moogan01,G,42,713,0,0,372,111.7
Jean-Guy Morissette,morisje01,G,1,1,0,0,0,-0.1
Hal Murphy,murphha01,G,1,1,0,0,1,0.0
Mickey Murray,murrami01,G,1,1,0,0,0,0.0
Phil Myre,myreph01,G,49,439,0,0,149,63.3
Antti Niemi,niemian02,G,36,464,0,0,242,73.8
Steve Penney,pennest01,G,76,91,0,0,35,9.3
Bob Perreault,perrebo01,G,6,31,0,0,8,3.4
Michel Plasse,plassmi01,G,32,298,0,0,92,36.8
Claude Pronovost,pronocl01,G,2,3,0,0,1,0.2
Andre Racicot,racican01,G,68,68,0,0,26,7.7
Herb Rheaume,rheauhe01,G,31,31,0,0,10,2.3
Vincent Riendeau,riendvi01,G,1,184,0,0,85,23.9
Charlie Sands,sandsch01,C/RW,1,429,99,112,211,20.8
Ben Scrivens,scrivbe01,G,15,144,0,0,47,20.5
Richard Sevigny,sevigri01,G,141,176,0,0,80,29.2
Doug Soetaert,soetado01,G,51,284,0,0,110,35.9
Jocelyn Thibault,thibajo01,G,158,586,0,0,238,90.7
Wayne Thomas,thomawa01,G,52,243,0,0,103,37.4
Dustin Tokarski,tokardu01,G,26,34,0,0,10,4.0
Ron Tugnutt,tugnuro01,G,15,537,0,0,186,78.9
Georges Vezina,vezinge01,G,190,190,0,0,103,39.4
Tomas Vokoun,vokouto01,G,1,700,0,0,300,142.3
Ernie Wakely,wakeler01,G,2,113,0,0,41,19.4
Rick Wamsley,wamslri01,G,131,407,0,0,204,65.0
Gump Worsley,worslgu01,G,172,860,0,0,333,131.2
Roy Worters,wortero01,G,1,484,0,0,171,75.7
Reg Abbott,abbotre01,C,3,3,0,0,0,-0.1
Gene Achtymichuk,achtyge01,C,20,32,3,5,8,0.1
John Adams,adamsjo01,LW,42,42,6,12,18,1.1
Kenny Agostino,agostke01,LW,36,85,8,22,30,1.9
Art Alexandre,alexaar01,LW,11,11,0,2,2,-0.1
Bryan Allen,allenbr01,D,5,721,29,107,136,31.1
George Allen,allenge01,LW/D,49,340,82,115,197,27.7
Dave Allison,allisda01,D,3,3,0,0,0,0.0
Karl Alzner,alzneka01,D,91,682,20,110,130,32.1
Sven Andrighetto,andrisv01,RW,83,216,31,52,83,7.5
Ron Andruff,andruro01,C,6,153,19,36,55,1.1
Amos Arbour,arbouam01,LW,47,114,52,17,69,5.4
Joel Armia,armiajo01,RW,57,237,39,42,81,6.5
Colby Armstrong,armstco01,RW,37,476,89,120,209,18.3
Chuck Arnason,arnasch01,RW,36,401,109,90,199,11.8
Arron Asham,ashamar01,RW,121,789,94,114,208,16.8
Oscar Asmundson,asmunos01,C,2,111,11,23,34,2.0
Donald Audette,audetdo01,RW,90,735,260,249,509,53.4
Don Awrey,awreydo01,D,128,979,31,158,189,51.0
Bill Baker,bakerbi01,D,11,143,7,25,32,5.8
Jozef Balej,balejjo01,RW,4,18,1,5,6,0.3
Murray Balfour,balfomu01,RW,5,306,67,90,157,11.8
Mark Barberio,barbema01,D,56,251,14,40,54,10.7
Murray Baron,baronmu01,D,60,988,35,94,129,34.5
Normand Baron,baronno01,LW,4,27,2,0,2,-0.6
Marty Barry*,barryma01,C,30,507,194,193,387,57.7
Jim Bartlett,bartlji01,LW,2,191,34,23,57,2.0
Victor Bartley,bartlvi01,D,9,121,1,22,23,4.9
Andrei Bashkirov,bashkan01,LW,30,30,0,3,3,-0.3
Francois Beauchemin,beaucfr01,D,1,903,76,212,288,60.2
Francis Belanger,belanfr01,LW,10,10,0,0,0,-0.2
Jesse Belanger,belanje01,C,39,246,59,76,135,10.8
Billy Bell,bellbi01,C/RW,48,67,3,3,6,-2.4
Shawn Belle,bellesh01,D,2,20,0,1,1,0.5
Jordie Benn,bennjo01,D,171,473,22,88,110,21.4
Max Bennett,bennema01,RW,1,1,0,0,0,0.0
Joe Benoit,benoijo01,RW,185,185,75,69,144,12.9
Red Berenson,berenre01,C,136,987,261,397,658,51.1
Sergei Berezin,berezse01,LW,29,502,160,126,286,33.0
Marc-Andre Bergeron,bergema02,D,60,490,82,153,235,42.6
Louis Berlinguette,berlilo01,LW,134,193,45,32,77,2.8
Bob Berry,berrybo01,LW,2,541,159,191,350,28.4
Eric Bertrand,bertrer01,LW,3,15,0,0,0,-0.4
Garry Blaine,blainga01,RW,1,1,0,0,0,0.0
Sylvain Blouin,blouisy01,LW,22,115,3,4,7,-1.0
Mike Blunden,blundmi01,RW,51,127,7,6,13,0.1
Serge Boisvert,boisvse01,RW,29,46,5,7,12,-0.2
Radek Bonk,bonkra01,C,135,969,194,303,497,45.0
Christian Bordeleau,bordech01,C,61,205,38,65,103,7.2
Sebastien Bordeleau,bordese01,C,85,251,37,61,98,6.4
Edmond Bouchard,bouched01,LW/D,20,223,19,24,43,-3.8
Billy Boucher,bouchbi01,RW,154,213,93,35,128,21.8
Bobby Boucher,bouchbo01,C,11,11,1,0,1,-0.1
Andre Boudrias,boudran01,LW,7,662,151,340,491,35.6
Conrad Bourcier,bourcco01,C,6,6,0,0,0,-0.2
Jean Bourcier,bourcje01,LW,9,9,0,1,1,-0.2
Leo Bourgeault,bourgle01,D,67,307,25,20,45,24.9
Michael Bournival,bournmi01,LW,89,113,12,10,22,1.8
Rene Bourque,bourqre01,RW,141,725,163,153,316,30.4
Drayson Bowman,bowmadr01,C/LW,3,179,15,18,33,1.7
Jack Bownass,bownaja01,D,4,80,3,7,10,3.7
Dustin Boyd,boyddu01,C,10,220,32,31,63,4.9
Donald Brashear,brashdo01,LW,111,1025,85,120,205,5.1
Daniel Briere,brierda01,C,69,973,307,389,696,78.5
Gerry Brisson,brissge01,RW,4,4,0,2,2,0.1
Connie Broden,brodeco01,C,6,6,2,1,3,0.3
Brad Brown,brownbr01,D,13,330,2,27,29,6.0
George Brown,brownge01,C,79,79,6,22,28,1.1
Mike Brown,brownmi02,RW,14,407,19,17,36,-1.5
Jeff Brubaker,brubaje01,LW,3,178,16,9,25,-2.2
Randy Bucyk,bucykra01,C,17,19,4,2,6,0.3
Fred Burchell,burchfr01,C,4,4,0,0,0,-0.1
Marc Bureau,bureama01,C,182,567,55,83,138,3.0
Herb Cain,cainhe01,LW,45,572,206,192,398,40.1
Billy Cameron,camerbi01,RW,18,39,0,1,1,-1.7
Harry Cameron*,camerha01,D,16,129,88,54,142,28.8
Mike Cammalleri,cammami01,C/W,170,906,294,348,642,72.3
Dave Campbell,campbda01,D,2,2,0,0,0,0.1
Jim Campbell,campbji01,RW,57,285,61,75,136,12.5
Tod Campeau,campeto01,C,42,42,5,9,14,0.9
Dom Campedelli,campedo01,D,2,2,0,0,0,0.0
Chris Campoli,campoch01,D,43,440,35,111,146,24.8
Mathieu Carle,carlema02,D,3,3,0,0,0,0.1
Kent Carlson,carlske01,D,85,113,7,11,18,5.7
Patrik Carnback,carnbpa01,C,6,154,24,38,62,3.2
Alain Caron,caronal01,RW,2,61,9,13,22,0.7
Daniel Carr,carrda01,LW,94,100,15,20,35,3.8
Bob Carse,carsebo01,LW,22,166,33,54,87,4.9
Billy Carter,cartebi01,C,8,16,0,0,0,-0.5
Joe Carveth,carvejo01,RW,107,502,150,187,337,30.0
Andrew Cassels,cassean01,C,60,1015,204,528,732,57.9
John Chabot,chabojo01,C,66,508,84,228,312,14.6
Michael Chaput,chapumi01,C,32,167,6,16,22,-0.8
Jose Charbonneau,charbjo01,RW,25,71,9,13,22,0.6
Eric Charron,charrer01,D,3,130,2,7,9,4.2
Guy Charron,charrgu01,C,20,734,221,309,530,36.7
Kyle Chipchura,chipcky01,C,68,482,31,73,104,4.3
Tom Chorske,chorsto01,LW,71,596,115,122,237,16.3
Eric Chouinard,chouier01,LW,13,90,11,11,22,1.8
Enrico Ciccone,ciccoen01,D,3,374,10,18,28,14.1
Brett Clark,clarkbr01,D,102,689,45,141,186,31.7
Odie Cleghorn,cleghod01,RW/C,160,182,94,35,129,15.6
Sprague Cleghorn*,cleghsp01,D,98,259,83,60,143,47.7
Wally Clune,clunewa01,D,5,5,0,0,0,0.3
Erik Cole,coleer01,LW,101,892,265,267,532,59.0
Norm Collings,collino01,F,1,1,0,1,1,0.1
Bill Collins,collibi01,RW,40,768,157,154,311,16.3
Rey Comeau,comeare01,C,4,564,98,141,239,12.8
Wayne Connelly,connewa01,C,3,543,133,174,307,21.1
Cam Connor,connoca01,RW,23,89,9,22,31,0.8
Craig Conroy,conrocr01,C,13,1009,182,360,542,51.3
Carson Cooper,coopeca01,RW,6,295,110,62,172,38.3
Bert Corbeau,corbebe01,D,106,258,63,48,111,29.9
Roger Cormier,cormiro01,RW,1,1,0,0,0,-0.1
Andre Corriveau,corrian01,RW,3,3,0,1,1,0.0
Alain Cote,coteal02,D,41,119,2,18,20,6.3
Jean-Philippe Cote,coteje01,D,8,27,0,4,4,0.8
Jack Coughlin,coughja01,RW,3,20,2,0,2,-1.0
Billy Coutu,coutubi01,D,181,247,33,23,56,23.9
Gerry Couture,coutuge01,RW,10,385,86,70,156,14.4
Rosie Couture,couturo01,RW,10,329,48,55,103,8.5
Glen Cressman,cressgl01,C,4,4,0,0,0,-0.1
Ed Cristofoli,cristed01,RW,9,9,0,1,1,-0.2
Nels Crutchfield,crutcne01,C,41,41,5,5,10,0.2
Jassen Cullimore,cullija01,D,52,812,26,85,111,27.1
Jim Cummins,cummiji01,RW,47,511,24,36,60,-3.1
Hugh Currie,currihu01,D,1,1,0,0,0,0.0
Paul Curtis,curtipa01,D,1,185,3,34,37,6.7
Ian Cushenan,cusheia01,D,35,129,3,11,14,6.8
Mariusz Czerkawski,czerkma01,RW,43,745,215,220,435,45.7
Matt D'Agostini,dagosma01,RW,94,324,52,55,107,9.4
Pierre Dagenais,dagenpi01,RW,82,142,35,23,58,7.3
Kjell Dahlin,dahlikj01,RW,166,166,57,59,116,8.5
Bunny Dame,damebu01,LW,31,31,2,5,7,-0.4
Dan Daoust,daousda01,C,4,522,87,167,254,8.6
Craig Darby,darbycr01,C,166,196,21,35,56,2.2
Mathieu Darche,darchma01,LW,149,250,30,42,72,5.5
Brandon Davidson,davidbr01,D,23,162,9,14,23,4.6
Lorne Davis,davislo01,RW,40,95,8,12,20,0.4
Jason Dawe,daweja01,RW,37,366,86,90,176,16.1
Bob Dawes,dawesbo01,D/C,15,32,2,7,9,2.6
Nigel Dawes,dawesni01,LW,4,212,39,45,84,8.6
Jacob de La Rose,delarja01,LW,119,179,11,17,28,-0.6
Lucien DeBlois,deblolu01,C,112,993,249,276,525,27.5
Jonathan Delisle,delisjo01,RW,1,1,0,0,0,0.0
Xavier Delisle,delisxa01,C,14,16,3,2,5,0.4
Gilbert Delorme,delorgi01,D,165,541,31,92,123,28.4
Tony Demers,demerto01,RW,82,83,20,23,43,3.1
Lulu Denis,denislu01,RW,3,3,0,1,1,0.0
Gerard Desaulniers,desauge01,C,8,8,0,2,2,0.0
Matthieu Descoteaux,descoma01,D,5,5,1,1,2,0.3
Joffre Desilets,desiljo01,RW,118,192,37,45,82,7.2
Martin Desjardins,desjama01,C,8,8,0,2,2,-0.2
Jacques Deslauriers,deslaja01,D,2,2,0,0,0,0.1
Nicolas Deslauriers,deslani01,LW,106,317,24,25,49,0.4
Marcel Dheere,dheerma01,LW,11,11,1,2,3,-0.1
Raphael Diaz,diazra01,D,128,201,8,41,49,9.2
Gerald Diduck,diducge01,D,32,932,56,156,212,51.7
Darren Dietz,dietzda01,D,13,13,1,4,5,0.8
Paul DiPietro,dipiepa01,C,154,192,31,49,80,4.3
Robert Dirk,dirkro01,D,3,402,13,29,42,18.4
Fred Doherty,doherfr01,RW,2,2,0,0,0,-0.1
Max Domi,domima01,LW,82,304,64,143,207,20.6
John Doran,doranjo01,D,6,98,5,10,15,4.8
Eddie Dorohoy,dorohed01,C/LW,16,16,0,0,0,-0.4
Jim Dowd,dowdji01,C,14,728,71,168,239,15.9
Aaron Downey,downeaa01,RW,46,243,8,10,18,0.5
Davis Drewiske,drewida01,D,9,135,5,20,25,5.8
Gordie Drillon*,drillgo01,RW,49,312,155,140,295,37.4
Jonathan Drouin,drouijo01,LW,158,322,60,134,194,16.5
Jude Drouin,drouiju01,C,12,666,151,305,456,32.4
Polly Drouin,drouipo01,LW,161,161,23,51,74,4.3
Gilles Dube,dubegi01,LW,12,12,1,2,3,0.1
Donald Dufresne,dufredo01,D,119,268,6,36,42,12.2
Gabriel Dumont,dumonga01,C,18,87,4,5,9,0.1
Norm Dupont,duponno01,LW,35,256,55,85,140,4.5
Gordie Dwyer,dwyergo01,LW,13,108,0,5,5,-1.3
Frank Eddolls,eddolfr01,D,57,317,23,43,66,21.8
Garry Edmundson,edmunga01,LW,1,43,4,6,10,0.1
Morgan Ellis,ellismo01,D,3,3,0,0,0,0.0
Andreas Engqvist,engqvan01,C,15,15,0,0,0,-0.2
Stewart Evans,evansst01,D,43,367,28,49,77,30.9
Todd Ewen,ewento01,RW,190,518,36,40,76,-4.4
Bobby Farnham,farnhbo01,LW,3,67,8,2,10,1.2
Craig Ferguson,fergucr01,C,13,27,1,1,2,-0.8
Jonathan Ferland,ferlajo01,RW,7,7,1,0,1,0.0
Wilf Field,fieldwi01,D,11,220,17,25,42,10.5
Rory Fitzpatrick,fitzpro02,D,48,287,10,25,35,7.0
Tomas Fleischmann,fleisto01,LW,57,657,137,198,335,32.1
Gerry Fleming,flemige01,LW,11,11,0,0,0,-0.4
Reggie Fleming,flemire01,D/LW,3,749,108,132,240,8.9
Ron Flockhart,flockro02,C,42,453,145,183,328,21.6
Brian Flynn,flynnbr01,RW,116,275,27,34,61,3.7
Bryan Fogarty,fogarbr01,D,34,156,22,52,74,6.8
Christian Folin,folinch01,D,19,228,7,35,42,10.2
Lou Fontinato,fontilo01,D,117,536,26,78,104,30.7
Bob Frampton,frampbo01,LW,2,2,0,0,0,-0.1
Gord Fraser,frasego01,D,11,144,24,12,36,13.7
Scott Fraser,frasesc01,C,14,71,16,15,31,3.1
Irv Frew,frewir01,D,18,96,2,5,7,4.2
Byron Froese,froesby01,C,48,110,5,11,16,-0.4
Bob Fryday,frydabo01,RW,5,5,1,0,1,0.1
Art Gagne,gagnear01,RW,132,228,67,34,101,22.5
Germain Gagnon,gagnoge01,LW,4,259,40,101,141,7.9
Dick Gamble,gambldi01,LW,178,195,41,41,82,7.8
Perry Ganchar,ganchpe01,RW,1,42,3,7,10,-0.3
Herb Gardiner*,gardihe01,D,96,100,10,10,20,15.5
Dave Gardner,gardnda01,C,36,350,75,115,190,10.9
Leo Gaudreault,gaudrle01,LW/C,67,67,8,4,12,1.3
Art Gauthier,gauthar01,C,13,13,0,0,0,-0.5
Fern Gauthier,gauthfe01,RW,50,229,46,51,97,4.6
Jean Gauthier,gauthje01,D,90,166,6,29,35,12.1
Luc Gauthier,gauthlu01,D,3,3,0,0,0,0.2
Jocelyn Gauvreau,gauvrjo01,D,2,2,0,0,0,0.0
Jean-Guy Gendron,gendrje01,LW,44,864,182,201,383,25.1
Blake Geoffrion,geoffbl01,C,13,55,8,5,13,1.5
Danny Geoffrion,geoffda01,RW,32,111,20,32,52,1.6
Tom Gilbert,gilbeto01,D,117,655,45,178,223,40.0
Doug Gilmour*,gilmodo01,C,131,1474,450,964,1414,118.6
Art Giroux,girouar01,RW,40,54,6,4,10,0.2
Howie Glover,gloveho01,RW,1,144,29,17,46,2.1
Sam Godin,godinsa01,RW,36,79,4,3,7,-0.8
Leroy Goldsworthy,goldsle01,RW,83,336,66,57,123,11.9
Glenn Goldup,goldugl01,RW,18,291,52,67,119,4.9
Sergei Gonchar,gonchse01,D,45,1301,220,591,811,141.9
Tony Graboski,graboto01,LW/D,66,66,6,10,16,-0.3
Mikhail Grabovski,grabomi01,C,27,534,125,171,296,30.7
Bob Gracie,gracibo01,C/LW,8,380,82,110,192,20.5
Danny Grant,grantda01,RW,23,736,263,273,536,47.3
Benoit Gratton,grattbe01,C,12,58,6,10,16,1.3
Terry Gray,grayte01,RW,4,147,26,28,54,2.4
Lucien Grenier,grenilu01,RW,23,152,14,14,28,-0.5
Francois Groleau,grolefr01,D,8,8,0,1,1,0.5
Len Grosvenor,grosvle01,C/RW,4,150,9,11,20,-1.0
Miloslav Guren,gurenmi01,D,36,36,1,3,4,0.9
Jim Haggarty,haggaji01,LW,5,5,1,1,2,0.1
Ron Hainsey,hainsro01,D,32,1068,58,241,299,57.1
Joe Hall*,halljo01,D,37,37,15,9,24,6.6
Kevin Haller,halleke01,D,149,642,41,97,138,34.6
Jeff Halpern,halpeje01,C,88,976,152,221,373,28.3
Jean Hamel,hamelje01,D,79,699,26,95,121,30.4
Chuck Hamilton,hamilch01,LW,1,4,0,2,2,0.2
Joel Hanley,hanlejo01,D,17,38,0,6,6,1.1
John Hanna,hannajo01,D,6,198,6,26,32,9.3
Hago Harrington,harriha01,LW,24,72,9,5,14,0.8
Gizzy Hart,hartgi01,LW,96,99,6,9,15,0.5
Fern Headley,headlfe01,D,17,30,1,4,5,1.9
Gerry Heffernan,heffege01,RW,85,85,33,35,68,5.0
Ales Hemsky,hemskal01,RW,7,845,174,398,572,54.6
Alex Henry,henryal01,D,2,177,2,9,11,0.6
Red Heron,heronre01,C,12,106,21,19,40,3.6
Wayne Hicks,hickswa01,RW,2,115,13,23,36,0.3
Matt Higgins,higgima01,C,57,57,1,2,3,-0.6
Sean Hill,hillse01,D,31,876,62,236,298,57.2
Dutch Hiller,hilledu01,LW,131,382,91,112,203,14.8
Larry Hillman,hillmla01,D,25,789,36,196,232,57.3
Bert Hirschfeld,hirscbe01,LW,33,33,1,4,5,-0.4
Cec Hoekstra,hoeksce01,C,4,4,0,0,0,-0.1
Dale Hoganson,hoganda01,D,46,343,13,77,90,12.2
Jonas Hoglund,hoglujo01,LW,102,545,117,145,262,25.2
Patrick Holland,hollapa01,RW,5,5,0,0,0,-0.1
Bud Holloway,hollobu01,LW,1,1,0,0,0,0.0
Bill Holmes,holmebi01,C,9,52,6,4,10,-0.5
Bronco Horvath,horvabr01,C,1,434,141,185,326,29.8
Marcel Hossa,hossama02,LW,59,237,31,30,61,4.3
Eric Houde,houdeer01,C,30,30,2,3,5,-0.1
Fran Huck,huckfr01,C,7,94,24,30,54,4.1
Charles Hudon,hudonch01,LW,110,110,13,26,39,2.5
Pat Hughes,hughepa01,RW,44,573,130,128,258,9.3
Ivan Irwin,irwiniv01,D,4,155,2,27,29,7.2
Raitis Ivanans,ivanara01,LW,4,282,12,6,18,-1.6
Doug Janik,janikdo01,D,2,190,3,16,19,3.1
Martti Jarventie,jarvema01,D,1,1,0,0,0,0.2
Roger Jenkins,jenkiro01,RW/D,56,324,15,41,56,2.4
Jakub Jerabek,jerabja01,D,25,37,2,6,8,1.2
Rosario Joanette,joanero01,C,2,2,0,1,1,0.0
Don Johns,johnsdo01,D,1,153,2,21,23,5.1
Allan Johnson,johnsal01,RW/C,2,105,21,28,49,3.1
Mike Johnson,johnsmi01,RW,80,661,129,246,375,34.2
Ryan Johnston,johnsry02,D,10,10,0,0,0,-0.1
Rene Joliat,joliare01,RW/D,1,1,0,0,0,0.0
Yvan Joly,jolyyv01,RW,2,2,0,0,0,-0.1
Jean-Francois Jomphe,jomphje01,C,6,111,10,29,39,1.6
Noah Juulsen,juulsno01,D,44,44,2,6,8,2.2
Tomas Kaberle,kaberto01,D,53,984,87,476,563,87.0
Vern Kaiser,kaiseve01,LW,50,50,7,5,12,0.5
Dwight King,kingdw01,LW,17,365,53,56,109,10.3
Frank King,kingfr01,C,10,10,1,0,1,-0.1
Marko Kiprusoff,kipruma01,D,24,51,0,10,10,1.8
Bill Kitchen,kitchbi01,D,12,41,1,4,5,1.1
Patric Kjellberg,kjellpa01,RW,7,394,64,96,160,11.2
John Kordic,kordijo01,RW,115,244,17,18,35,-2.9
Sergei Kostitsyn,kostise01,LW,155,353,67,109,176,18.3
Tom Kostopoulos,kostoto01,RW,145,630,61,96,157,7.4
Jesperi Kotkaniemi,kotkaje01,C,79,79,11,23,34,2.6
Andrei Kovalenko,kovalan01,RW,51,620,173,206,379,33.5
Brett Kulak,kulakbr01,D,57,158,8,20,28,6.1
Tom Kurvers,kurveto01,D,138,659,93,328,421,54.3
Scott Lachance,lachasc01,D,74,819,31,112,143,30.8
Christian Laflamme,laflach01,D,54,324,2,45,47,11.0
Roland Lafleur,laflero01,LW,1,1,0,0,0,0.0
Ernie Laforce,laforer01,D,1,1,0,0,0,0.0
Claude Laforge,laforcl01,LW,5,193,24,33,57,1.8
Adie Lafrance,lafraad01,LW,3,3,0,0,0,-0.1
Leo Lafrance,lafrale01,LW,19,34,2,0,2,-0.9
Newsy Lalonde*,lalonne01,C,98,99,125,42,167,22.2
Joe Lamb,lambjo01,RW,7,443,110,101,211,26.2
Mark Lamb,lambma01,C,40,403,46,100,146,2.6
Jean-Paul Lamirande,lamirje01,LW/D,1,49,5,5,10,-0.1
Larry Landon,landola01,RW,2,9,0,0,0,-0.3
Eric Landry,landrer01,C,53,68,5,9,14,0.6
Robert Lang,langro01,C,50,989,261,442,703,70.3
Darren Langdon,langdda01,LW,64,521,16,23,39,-3.0
Albert Langlois,langlal01,D,177,498,21,91,112,31.6
Charlie Langlois,langlch01,RW/D,32,151,22,5,27,17.9
Georges Laraque,laraqge01,RW,61,695,53,100,153,11.4
Craig Laughlin,laughcr01,RW,36,549,136,205,341,19.9
Jack Laviolette*,lavioja01,D/W,18,18,2,1,3,-0.4
Hal Laycoe,laycoha01,D,129,530,25,77,102,36.0
Jay Leach,leachja02,D,7,70,1,2,3,1.6
Patrick Lebeau,lebeapa01,LW,2,15,3,2,5,0.3
Louis Leblanc,leblalo01,C,50,50,5,5,10,1.0
Jackie Leclair,leclaja01,C,160,160,20,40,60,4.4
Bobby Lee,leebo01,C,1,1,0,0,0,0.0
Gary Leeman,leemaga01,RW,51,667,199,267,466,32.9
Chuck Lefley,leflech01,LW,174,407,128,164,292,24.0
Roger Leger,legerro01,D,180,187,18,53,71,19.9
Jocelyn Lemieux,lemiejo01,RW,35,598,80,84,164,3.8
Hec Lepine,lepinhe01,C,33,33,5,2,7,0.2
Brett Lernout,lernobr01,D,21,21,0,1,1,0.0
Gaston Leroux,lerouga01,D,2,2,0,0,0,-0.1
Art Lesieur,lesiear01,D,97,100,4,2,6,6.5
Lucas Lessio,lessilu01,LW,12,41,3,4,7,-0.1
Doug Lewis,lewisdo01,LW,3,3,0,0,0,-0.1
Juha Lind,lindju01,C,60,133,9,13,22,0.9
Trevor Linden,lindetr01,RW,107,1382,375,492,867,73.3
Bill Lindsay,lindsbi01,RW,32,777,83,141,224,11.3
David Ling,lingda01,RW,3,93,4,4,8,-0.2
Ed Litzenberger,litzeed01,C/RW,34,619,178,238,416,39.3
Jacques Locas,locasja01,RW,59,59,7,8,15,0.4
Corey Locke,lockeco01,C,1,9,0,1,1,0.0
Rod Lorrain,lorraro01,RW,174,174,28,38,66,4.0
Ross Lowe,lowero01,D/LW,31,77,6,8,14,5.4
Dave Lumley,lumleda01,RW,3,437,98,160,258,12.2
Jyrki Lumme,lummejy01,D,75,985,114,354,468,79.8
Gilles Lupien,lupiegi01,D,174,226,5,25,30,11.6
Vic Lynn,lynnvi01,LW/D,2,327,49,76,125,20.5
Hub Macey,maceyhu01,LW,12,30,6,9,15,0.7
Murdo MacKay,mackamu01,RW/C,19,19,0,3,3,-0.3
Bill MacKenzie,mackebi01,D,48,233,11,10,21,13.7
Al MacNeil,macneal01,D,61,524,17,75,92,36.2
John Mahaffy,mahafjo01,C,9,37,11,25,36,1.6
Frank Mailley,maillfr01,D,1,1,0,0,0,0.0
Fern Majeau,majeafe01,C/LW,56,56,22,24,46,3.6
David Maley,maleyda01,LW,51,466,43,81,124,-0.9
Manny Malhotra,malhoma01,C,58,991,116,179,295,20.8
Cliff Malone,maloncl01,RW,3,3,0,0,0,-0.1
Joe Malone*,malonjo01,C/LW,58,126,143,33,176,21.5
Tom Manastersky,manasto01,D,6,6,0,0,0,0.2
Gus Mancuso,mancugu01,RW,26,47,7,9,16,-0.2
Dave Manson,mansoda01,D,101,1103,102,288,390,66.5
Paul Mara,marapa01,D,62,734,64,189,253,41.3
Andreas Martinsen,martian01,LW,9,152,9,14,23,0.0
Steve Martinson,martist01,LW,38,49,2,1,3,-0.9
Paul Masnick,masnipa01,C,165,220,18,40,58,1.8
Joe Matte,mattejo01,D,5,68,17,15,32,2.3
Stefan Matteau,mattest02,LW,12,64,3,4,7,-0.4
Johnny Matz,matzjo01,C,30,30,2,4,6,-0.2
Ben Maxwell,maxwebe01,C,20,47,2,6,8,0.1
Eddie Mazur,mazured01,D/LW,92,107,8,20,28,1.1
Bert McCaffrey,mccafbe01,RW/D,50,261,43,35,78,30.0
Michael McCarron,mccarmi01,RW,69,69,2,6,8,-0.7
Walt McCartney,mccarwa01,LW,2,2,0,0,0,0.1
Trent McCleary,mccletr01,RW,58,192,8,15,23,-1.8
John McCormack,mccorjo01,C,164,311,25,49,74,1.4
Bill McCreary,mccrebi01,LW,14,309,53,62,115,7.6
Keith McCreary,mccreke01,RW,9,532,131,112,243,17.5
Bob McCulley,mcculbo01,RW/D,1,1,0,0,0,0.0
Ab McDonald,mcdonab01,LW,137,762,182,248,430,35.4
Jack McDonald,mcdonja01,LW,36,70,26,14,40,1.5
Irv McGibbon,mcgibir01,RW,1,1,0,0,0,0.0
Jack McGill,mcgilja01,LW,134,134,27,10,37,3.3
Randy McKay,mckayra02,RW,75,932,162,201,363,29.2
John McKinnon,mckinjo01,D,2,208,28,9,37,14.2
Mike McMahon,mcmahmi01,D,56,58,7,18,25,7.8
Howard McNamara,mcnamho01,D,10,10,1,0,1,0.8
Rick Meagher,meaghri01,C,2,691,144,165,309,14.8
Bill Meronek,meronbi01,C,20,20,5,8,13,0.7
Victor Mete,metevi01,D,120,120,0,20,20,5.4
Glen Metropolit,metrogl01,C,90,407,57,102,159,13.6
Larry Mickey,mickela01,RW,21,292,39,53,92,2.1
Bill Miller,millebi01,C/D,63,95,7,3,10,1.4
Duncan Milroy,milrodu01,RW,5,5,0,1,1,-0.1
Torrey Mitchell,mitchto01,C,174,666,67,85,152,10.0
Sergio Momesso,momesse01,LW,137,710,152,193,345,20.7
Garry Monahan,monahga01,LW,14,748,116,169,285,12.3
Jim Montgomery,montgji01,C,5,122,9,25,34,1.0
Dominic Moore,mooredo01,C,21,897,106,176,282,19.2
Amby Moran,moranam01,D,12,35,1,1,2,0.8
Pete Morin,morinpe01,LW,32,32,10,12,22,1.7
Dave Morissette,morisda01,LW,11,11,0,0,0,0.0
Joseph Morrow,morrojo02,D,38,162,9,23,32,5.4
Harry Mummery,mummeha01,D,24,106,32,20,52,10.5
Dunc Munro,munrodu01,D,48,239,28,18,46,29.0
Bob Murdoch,murdobo01,D,81,757,60,218,278,61.4
Chris Murray,murrach01,RW,107,242,16,18,34,-0.5
Douglas Murray,murrado01,D,53,518,7,57,64,19.2
Garth Murray,murraga01,C,80,116,8,2,10,-0.7
Leo Murray,murrale01,C/LW,6,6,0,0,0,-0.2
Brendon Nash,nashbr01,D,2,2,0,0,0,-0.1
Alain Nasreddine,nasreal01,D,8,74,1,4,5,2.2
Joonas Nattinen,nattijo01,C,1,1,0,0,0,0.0
Ric Nattress,nattrri01,D,79,536,29,135,164,28.6
Nikita Nesterov,nesteni01,D,13,132,9,24,33,6.5
John Newberry,newbejo01,C,19,22,0,4,4,-0.3
Dan Newman,newmada01,LW,16,126,17,24,41,0.8
Janne Niinimaa,niinija01,D,41,741,54,265,319,59.2
Petteri Nokelainen,nokelpe01,C,51,245,20,21,41,1.6
Bill Nyrop,nyropbi01,D,165,207,12,51,63,18.4
Ryan O'Byrne,obyrnry01,D,128,308,5,34,39,8.4
Jim O'Neil,oneilji01,C/RW,16,156,6,30,36,0.6
Gino Odjick,odjicgi01,RW,49,605,64,73,137,2.9
Dave Orleski,orlesda01,LW,2,2,0,0,0,-0.1
Steve Ott,ottst01,C,11,848,109,179,288,19.6
Xavier Ouellet,ouellxa01,D,19,160,5,21,26,5.9
Pete Palangio,palanpe01,LW,8,71,13,10,23,2.0
Aaron Palushaj,palusaa01,RW,41,68,3,11,14,0.8
P.A. Parenteau,parenpi01,LW,56,491,114,182,296,30.2
George Pargeter,pargege01,LW,4,4,0,0,0,-0.1
George Parros,parroge01,RW,22,474,18,18,36,0.4
Greg Paslawski,paslagr01,RW,26,650,187,185,372,23.9
Greg Pateryn,patergr01,D,82,247,4,32,36,7.9
George Patterson,pattege01,W,59,270,51,27,78,8.8
Rollie Paulhus,paulhro01,D,33,33,0,0,0,0.2
Evariste Payer,payerev01,C/LW,1,1,0,0,0,0.0
Matthew Peca,pecama01,C,39,59,6,11,17,0.7
Mark Pederson,pederma01,LW,56,169,35,50,85,4.9
Cliff Pennington,pennicl01,C,4,102,17,42,59,2.6
Alexander Perezhogin,perezal01,LW,128,128,15,19,34,3.2
Garry Peters,peterga01,C,17,311,34,34,68,-1.3
Jimmy Peters,peterji01,RW,129,574,125,150,275,24.7
Charlie Phillips,phillch01,D,17,17,0,0,0,0.7
Alexandre Picard,picaral01,D,43,253,19,50,69,12.0
Noel Picard,picarno01,D,16,336,12,63,75,23.7
Robert Picard,picarro02,D,141,899,104,319,423,62.2
Didier Pitre*,pitredi01,RW/D,127,127,64,35,99,8.7
Gerry Plamondon,plamoge01,LW,74,74,7,13,20,0.8
Larry Pleau,pleaula01,C,94,94,9,15,24,-0.2
Ryan Poehling,poehlry01,C,1,1,3,0,3,0.7
Gordie Poirier,poirigo01,C,10,10,0,1,1,-0.5
Mike Polich,policmi01,C/LW,1,226,24,29,53,-0.3
Jack Portland,portlja01,D,174,388,15,56,71,29.7
Benoit Pouliot,poulibe01,LW,118,625,130,133,263,30.9
Noel Price,priceno01,D,39,500,14,114,128,29.4
Christian Proulx,proulch01,D,7,7,1,2,3,0.5
Brandon Prust,prustbr01,LW,172,486,40,75,115,8.6
Jean Pusie,pusieje01,D,38,65,1,4,5,3.5
Tom Pyatt,pyattto01,C,101,445,43,58,101,3.7
John Quilty,quiltjo01,C,115,125,36,34,70,6.3
Yves Racine,racinyv01,D,72,508,37,194,231,31.6
Alexander Radulov,radulal01,RW,76,382,121,179,300,35.9
Rob Ramage,ramagro01,D,14,1044,139,425,564,75.1
Armand Raymond,raymoar01,D,22,22,0,3,3,0.6
Paul Raymond,raymopa01,RW,76,76,2,3,5,-1.9
Terry Reardon,reardte01,C/RW,46,194,47,53,100,7.4
Marc Reaume,reaumma01,D,3,344,8,43,51,18.2
Zach Redmond,redmoza01,D,16,133,9,29,38,8.1
Mike Reilly,reillmi01,D,76,160,7,30,37,5.9
Barry Richter,richtba01,D,25,151,11,34,45,8.1
Jack Riley,rileyja01,C,95,104,10,22,32,1.8
Rip Riopelle,rioperi01,LW,169,169,27,16,43,2.6
Dave Ritchie,ritchda01,D,13,57,15,6,21,3.9
Gus Rivers,rivergu01,RW,88,88,4,5,9,-1.2
Mario Roberge,roberma01,LW,112,112,7,7,14,-1.3
Claude Robert,robercl01,LW,23,23,1,0,1,-0.5
Phil Roberto,roberph01,RW,74,385,75,106,181,9.7
George Robertson,roberge01,LW/C,31,31,2,5,7,0.1
Stephane Robidas,robidst01,D,122,937,57,201,258,55.0
Earl Robinson,robinea01,RW/C,11,419,83,98,181,18.8
Moe Robinson,robinmo01,D,1,1,0,0,0,0.0
Des Roche,rochede01,RW,5,113,20,18,38,4.9
Ernie Roche,rocheer01,D,4,4,0,0,0,0.2
Leon Rochefort,rochele01,RW,97,617,121,147,268,16.1
Ed Ronan,ronaned01,RW,147,182,13,23,36,-0.7
Paul Ronty,rontypa01,C,5,488,101,211,312,28.8
Steve Rooney,roonest01,LW,43,154,15,13,28,-1.1
Bill Root,rootbi01,D,118,247,11,23,34,9.9
Roly Rossignol,rossiro01,RW,5,14,3,5,8,0.5
Randy Rota,rotara01,C/LW,2,212,38,39,77,2.1
Guy Rousseau,roussgu01,LW,4,4,0,1,1,0.0
Roland Rousseau,roussro01,D,2,2,0,0,0,0.1
Thomas Rundqvist,rundqth01,C,2,2,0,1,1,0.0
Paul Runge,rungepa01,C/LW,19,142,18,22,40,2.4
Terry Ryan,ryante01,LW,8,8,0,0,0,-0.2
Kerby Rychel,rycheke01,LW,4,43,3,11,14,1.4
Sergei Samsonov,samsose01,LW,63,888,235,336,571,61.0
Scott Sandelin,sandesc01,D,9,25,0,4,4,1.0
Charlie Sands,sandsch01,C/RW,160,429,99,112,211,20.8
Yves Sarault,sarauyv01,LW,22,106,10,10,20,-0.2
Glen Sather*,sathegl01,LW,63,658,80,113,193,3.4
Tony Savage,savagto01,D,41,49,1,5,6,2.4
Nikita Scherbak,scherni01,RW,29,37,6,2,8,0.5
David Schlemko,schleda01,D,55,415,18,76,94,20.9
Dwight Schofield,schofdw01,D,2,211,8,22,30,8.7
Rod Schutt,schutro01,LW,2,286,77,92,169,10.1
John Scott,scottjo01,LW,1,286,5,6,11,0.9
Jiri Sekac,sekacji01,LW,50,108,10,19,29,1.9
Alexander Semin,seminal01,LW,15,650,239,278,517,65.5
Mikhail Sergachev,sergami01,D,4,158,15,57,72,11.3
Pierre Sevigny,sevigpi01,LW,75,78,4,5,9,-0.9
Sean Shanahan,shanase01,C/RW,4,40,1,3,4,-1.1
Darryl Shannon,shannda01,D,7,544,28,111,139,32.0
Andrew Shaw,shawan01,C,182,504,111,122,233,25.3
Logan Shaw,shawlo01,RW,30,180,12,19,31,0.9
Bobby Sheehan,sheehbo01,C,45,310,48,63,111,4.7
Babe Siebert*,siebeba01,LW/D,125,594,140,154,294,47.0
Reid Simpson,simpsre01,LW,25,301,18,18,36,0.8
Todd Simpson,simpsto01,D,6,580,14,63,77,21.2
Alex Singbush,singbal01,D,32,32,0,5,5,1.4
Glen Skov,skovgl01,C/LW,3,650,106,136,242,18.4
Alex Smart,smartal01,LW,8,8,5,2,7,0.6
Des Smith,smithde01,D,16,195,22,26,48,16.7
Don Smith,smithdo01,LW/C,12,12,1,0,1,-0.5
Stu Smith,smithst02,LW,4,4,2,2,4,0.5
Devante Smith-Pelly,smithde06,RW,66,395,44,57,101,5.9
Bryan Smolinski,smolibr01,C,64,1056,274,377,651,63.6
Stan Smrke,smrkest01,LW,9,9,0,3,3,0.1
Brent Sopel,sopelbr01,D,12,659,44,174,218,40.9
Jaroslav Spacek,spaceja01,D,145,880,82,273,355,69.3
Frédéric St. Denis,stdenfr01,D,17,21,1,3,4,1.1
Martin St. Pierre,stpiema01,C,1,39,3,5,8,-0.1
Harold Starr,starrha01,D,15,206,5,4,9,8.9
Brad Staubitz,staubbr01,RW,19,230,10,11,21,0.5
Phil Stevens,steveph01,C/D,4,25,1,0,1,1.3
Gaye Stewart,stewaga01,LW,5,502,185,159,344,34.3
Greg Stewart,stewagr01,LW,26,26,0,1,1,-0.5
P.J. Stock,stockpj01,C,20,235,5,21,26,0.0
Bill Summerhill,summebi01,RW,56,72,14,17,31,1.7
Niklas Sundstrom,sundsni01,RW,154,750,117,232,349,29.0
Eric Tangradi,tangrer01,C,7,150,5,11,16,-1.2
Alex Tanguay,tangual01,LW,50,1088,283,580,863,95.2
Tomas Tatar,tatarto01,C,80,507,144,142,286,34.6
Jeff Teal,tealje01,RW,6,6,0,1,1,-0.1
Chris Terry,terrych01,LW,14,152,22,16,38,3.4
Orval Tessier,tessior01,C,4,59,5,7,12,-0.3
Gilles Thibaudeau,thibagi01,C,58,119,25,37,62,3.9
Lorrain Thibeault,thibelo01,LW,2,6,0,2,2,0.0
Christian Thomas,thomach01,RW,25,27,1,2,3,0.0
Nate Thompson,thompna01,C,25,697,58,83,141,3.3
Rhys Thomson,thomsrh01,D,7,25,0,2,2,1.3
Jarred Tinordi,tinorja01,D,46,53,0,6,6,0.8
Larry Trader,tradela01,D,30,91,5,13,18,4.1
Bob Trapp,trappbo01,D,1,83,4,4,8,1.0
Patrick Traverse,travepa01,D,109,279,14,51,65,14.1
Marcel Tremblay,trembma01,RW,10,10,0,2,2,-0.2
Nils Tremblay,trembni01,C,3,3,0,1,1,0.0
Brock Trotter,trottbr02,C,2,2,0,0,0,-0.1
Lou Trudel,trudelo01,LW,95,310,50,68,118,8.2
Darcy Tucker,tuckeda01,RW,115,947,215,261,476,41.0
Connie Tudin,tudinco01,C,4,4,0,1,1,-0.1
Alfie Turcotte,turcoal01,C,85,112,17,29,46,1.3
Pierre Turgeon,turgepi01,C,104,1294,515,812,1327,134.3
Sylvain Turgeon,turgesy01,LW,75,669,269,226,495,37.8
Perry Turnbull,turnbpe01,C,40,608,188,163,351,21.1
Igor Ulanov,ulanoig01,D,123,739,27,135,162,37.3
Carol Vadnais,vadnaca01,D,42,1087,169,418,587,92.0
Rinat Valiev,valieri01,D,2,12,0,0,0,0.2
Lindsay Vallis,vallili01,D,1,1,0,0,0,0.0
Shaun Van Allen,vanalsh01,C,54,794,84,185,269,19.9
John Van Boxmeer,vanbojo01,D,79,588,84,274,358,55.0
Thomas Vanek,vanekth01,LW,18,1029,373,416,789,95.9
Vladimir Vujtek,vujtevl01,LW,2,110,7,30,37,0.8
Mick Vukota,vukotmi01,RW,22,573,17,29,46,-10.7
Bobby Walton,waltobo01,C/RW,4,4,0,0,0,-0.1
Jason Ward,wardja01,RW,105,336,36,45,81,4.2
Jimmy Ward,wardji01,RW,36,528,147,128,275,41.8
Grant Warwick,warwigr01,RW,26,395,147,142,289,25.9
Nick Wasnie,wasnini01,RW,136,246,57,34,91,10.3
Bryan Watson,watsobr01,D,56,877,17,135,152,40.8
Phil Watson,watsoph01,RW/C,44,591,145,265,410,33.9
Jordan Weal,wealjo01,C,16,169,24,30,54,3.9
Mike Weaver,weavemi01,D,48,633,8,89,97,23.3
Shea Weber,webersh01,D,162,925,203,331,534,108.4
Yannick Weber,weberya01,D,115,456,27,64,91,17.5
Dale Weise,weiseda01,RW,161,490,54,66,120,10.6
Cy Wentworth,wentwcy01,D,77,575,39,68,107,41.2
Moe White,whitemo01,LW/C,4,4,0,1,1,0.0
Ryan White,whitery01,C,141,313,31,30,61,2.9
David Wilkie,wilkida01,D,91,167,10,26,36,3.2
Don Willson,willsdo01,C,22,22,2,7,9,0.4
Cully Wilson,wilsocu01,RW,11,130,59,29,88,9.0
Jerry Wilson,wilsoje01,C,3,3,0,0,0,-0.1
Rick Wilson,wilsori01,D,21,239,6,26,32,9.7
Ron Wilson,wilsoro03,C,48,831,110,216,326,10.8
James Wisniewski,wisnija01,D,43,552,53,221,274,44.8
Johan Witehall,witehjo01,LW,26,54,2,5,7,-0.1
J.T. Wyman,wymanja01,RW,3,44,2,9,11,0.5
Doug Young,youngdo01,D,50,388,35,45,80,33.7
Zarley Zalapski,zalapza01,D,28,637,99,285,384,51.9
Sergei Zholtok,zholtse01,C,170,588,111,147,258,24.3
Dainius Zubrus,zubruda01,RW/C,139,1293,228,363,591,52.0
