Ken Appleby,appleke01,G,3,3,0,0,0,0.5
Hardy Astrom,astroha01,G,79,83,0,0,17,11.0
Craig Billington,billicr01,G,111,332,0,0,110,33.4
MacKenzie Blackwood,blackma01,G,23,23,0,0,10,4.3
Sean Burke,burkese01,G,162,820,0,0,324,141.9
Alain Chevrier,chevral01,G,140,234,0,0,91,26.0
Scott Clemmensen,clemmsc01,G,68,191,0,0,73,26.4
Jean-Francois Damphousse,damphje01,G,6,6,0,0,1,0.5
Yann Danis,danisya01,G,14,55,0,0,17,8.2
Mike Dunham,dunhami01,G,41,394,0,0,141,65.4
Chad Erickson,erickch01,G,2,2,0,0,1,0.1
Doug Favell,faveldo01,G,84,373,0,0,124,55.9
Jeff Frazee,frazeje01,G,1,1,0,0,0,0.1
Karl Friesen,frieska01,G,4,4,0,0,0,-0.1
Johan Hedberg,hedbejo01,G,80,373,0,0,161,51.6
Denis Herron,herrode01,G,86,462,0,0,146,69.6
Steve Janaszak,janasst01,G,2,3,0,0,0,0.1
Jari Kaarela,kaareja01,G,5,5,0,0,2,0.0
Hannu Kamppuri,kamppha01,G,13,13,0,0,1,1.1
Keith Kinkaid,kinkake01,G,151,151,0,0,64,21.7
Eddie Lack,lacked01,G,4,144,0,0,56,20.5
Rick LaFerriere,laferri01,G,1,1,0,0,0,0.1
Ron Low,lowro01,G,81,382,0,0,102,33.4
Shawn MacKenzie,mackesh01,G,6,6,0,0,0,-0.1
Peter McDuffe,mcdufpe01,G,36,57,0,0,11,5.3
Mike McKenna,mckenmi01,G,2,35,0,0,7,3.5
Bill McKenzie,mckenbi01,G,65,91,0,0,18,8.0
Kirk McLean,mcleaki01,G,6,612,0,0,245,84.0
Roland Melanson,melanro01,G,1,291,0,0,129,50.7
Lindsay Middlebrook,middlli01,G,9,37,0,0,3,2.1
Phil Myre,myreph01,G,34,439,0,0,149,63.3
Bill Oleschuk,olescbi01,G,55,55,0,0,7,5.7
Michel Plasse,plassmi01,G,149,298,0,0,92,36.8
Jeff Reese,reeseje01,G,3,174,0,0,53,19.9
Bob Sauve,sauvebo01,G,49,420,0,0,182,69.1
Corey Schwab,schwaco01,G,24,147,0,0,42,16.5
Richard Shulmistra,shulmri01,G,1,2,0,0,1,0.5
Peter Sidorkiewicz,sidorpe01,G,4,246,0,0,79,28.3
Al Smith,smithal03,G,36,231,0,0,73,30.4
Sam St. Laurent,stlausa01,G,4,34,0,0,7,4.8
John Vanbiesbrouck,vanbijo01,G,9,882,0,0,374,152.7
Scott Wedgewood,wedgesc01,G,4,24,0,0,7,3.3
Kevin Weekes,weekeke01,G,25,348,0,0,105,52.6
Greg Adams,adamsgr02,LW,186,1056,355,388,743,62.5
Kenny Agostino,agostke01,LW,27,85,8,22,30,1.9
Fred Ahern,ahernfr01,RW,38,146,31,30,61,2.4
Joey Anderson,anderjo08,RW,34,34,4,3,7,0.2
Matt Anderson,anderma01,RW,2,2,0,1,1,0.1
Ron Andruff,andruro01,C,147,153,19,36,55,1.1
Mike Antonovich,antonmi01,C,68,87,10,15,25,-0.2
Chuck Arnason,arnasch01,RW,129,401,109,90,199,11.8
Arron Asham,ashamar01,RW,77,789,94,114,208,16.8
Don Ashby,ashbydo01,C,23,188,40,56,96,4.7
Brent Ashton,ashtobr01,LW,156,998,284,345,629,39.7
Bob Attwell,attwebo01,RW,22,22,1,5,6,-0.1
Les Auge,augele01,D,6,6,0,3,3,0.3
Yohann Auvitu,auvityo01,D,25,58,5,8,13,3.1
Don Awrey,awreydo01,D,56,979,31,158,189,51.0
Bill Baker,bakerbi01,D,27,143,7,25,32,5.8
Krys Barch,barchkr01,RW,22,381,12,23,35,0.2
Dave Barr,barrda01,RW,103,614,128,204,332,19.9
Nathan Bastian,bastina01,RW,7,7,3,0,3,0.5
Mike Baumgartner,baumgmi01,D,17,17,0,0,0,0.5
Barry Beck,beckba01,D,148,615,104,251,355,54.1
Beau Bennett,bennebe01,RW,65,200,24,40,64,5.7
Niclas Bergfors,bergfni01,RW,63,173,35,48,83,7.7
Christian Berglund,berglch01,LW,76,86,11,16,27,2.4
Gary Bergman,bergmga01,D,75,838,68,299,367,62.8
Doug Berry,berrydo01,C,121,121,10,33,43,0.3
Eric Bertrand,bertrer01,LW,4,15,0,0,0,-0.4
Nick Beverley,beverni01,D,98,502,18,94,112,25.7
Jiri Bicek,bicekji01,RW,62,62,6,7,13,1.1
Joseph Blandisi,blandjo01,C,68,80,8,18,26,1.4
Timo Blomqvist,blomqti01,D,20,243,4,53,57,14.9
Doug Bodger,bodgedo01,D,49,1071,106,422,528,79.4
Mike Boland,bolanmi02,D,1,23,1,2,3,1.4
Brad Bombardir,bombabr01,D,131,356,8,46,54,16.1
Laurie Boschman,boschla01,C,153,1009,229,348,577,28.1
Henry Boucha,bouchhe01,C,37,247,53,49,102,4.8
Joel Bouchard,bouchjo01,D,1,364,22,53,75,15.1
Reid Boucher,bouchre01,C,82,133,20,22,42,3.3
Eric Boulton,boulter01,LW,51,654,31,48,79,2.5
Josef Boumedienne,boumejo01,D,1,47,4,12,16,0.4
Brian Boyle,boylebr01,C,116,766,124,92,216,19.2
Neil Brady,bradyne01,C,29,89,9,22,31,0.3
Jesper Bratt,brattje01,W,125,125,21,47,68,5.4
Andy Brickley,brickan01,LW/C,96,385,82,140,222,12.5
Sheldon Brookbank,brooksh01,D,59,351,7,37,44,11.5
Bob Brooke,brookbo01,C,35,447,69,97,166,4.7
Alex Brooks,brookal01,D,19,19,0,1,1,0.3
Neal Broten,brotene01,C,88,1099,289,634,923,63.3
Sean Brown,brownse01,D,74,436,14,43,57,11.7
Murray Brumwell,brumwmu01,D,106,128,12,31,43,7.6
Damien Brunner,brunnda01,RW,77,121,25,33,58,5.9
Doug Buhr,buhrdo01,LW,6,6,0,2,2,0.0
Glen Burdon,burdogl01,C,11,11,0,2,2,-0.1
Robin Burns,burnsro01,LW,149,190,31,38,69,1.1
Will Butcher,butchwi01,D,159,159,9,65,74,10.7
Bobby Butler,butlebo01,RW,14,130,20,29,49,4.3
Don Cairns,cairndo01,LW,9,9,0,1,1,-0.1
Dave Cameron,camerda01,C,168,168,25,28,53,1.0
Mike Cammalleri,cammami01,C/W,171,906,294,348,642,72.3
Colin Campbell,campbco01,D,54,636,25,103,128,27.8
Anders Carlsson,carlsan01,C,104,104,7,26,33,-0.1
Connor Carrick,carrico01,D,20,201,11,30,41,7.0
Ryan Carter,cartery01,LW,171,473,41,52,93,6.1
Shawn Chambers,chambsh01,D,158,625,50,185,235,47.8
Guy Charron,charrgu01,C,129,734,221,309,530,36.7
Rich Chernomaz,chernri01,RW,37,51,9,7,16,-0.1
Jeff Christian,chrisje01,LW,2,18,2,2,4,-0.1
Mike Christie,chrismi01,D,178,412,15,101,116,21.9
Chris Cichocki,cichoch01,RW,7,68,11,12,23,0.5
Zdeno Ciger,cigerzd01,LW,92,352,94,134,228,16.8
Noah Clarke,clarkno02,LW,1,21,3,1,4,0.2
Ryane Clowe,clowery01,LW,56,491,112,197,309,32.1
Gary Coalter,coaltga01,RW,30,34,2,4,6,-0.4
Danton Cole,coleda01,C/RW,12,318,58,60,118,6.6
Blake Coleman,colembl01,C,180,180,36,27,63,5.4
Rey Comeau,comeare01,C,92,564,98,141,239,12.8
Mike Commodore,commomi01,D,57,484,23,83,106,20.3
Pat Conacher,conacpa01,LW,193,521,63,76,139,0.4
Joe Contini,contijo01,C,67,68,17,21,38,2.3
Ed Cooper,coopeed01,LW,49,49,8,7,15,0.4
Bob Corkum,corkubo01,C,17,720,97,103,200,6.3
Matthew Corrente,correma01,D,34,34,0,6,6,0.9
Bart Crashley,crashba01,D,27,140,7,36,43,6.9
Bobby Crawford,crawfbo02,RW,15,16,1,3,4,0.1
Troy Crowder,crowdtr01,RW,69,150,9,7,16,-2.5
Matt D'Agostini,dagosma01,RW,13,324,52,55,107,9.4
Pierre Dagenais,dagenpi01,RW,25,142,35,23,58,7.3
Scott Daniels,daniesc01,LW,27,149,8,12,20,-1.3
Mike Danton,dantomi01,C,19,87,9,5,14,0.8
Craig Darby,darbycr01,C,5,196,21,35,56,2.2
Patrick Davis,davispa01,RW,9,9,1,0,1,0.0
Rob Davison,davisro01,D,1,219,3,15,18,4.9
Jean-Sebastien Dea,deaje01,C,20,29,5,2,7,0.9
Butch Deadmarsh,deadmbu01,LW,20,137,12,5,17,-1.7
Barry Dean,deanba01,LW,79,165,25,56,81,3.7
Lucien DeBlois,deblolu01,C,144,993,249,276,525,27.5
Guy Delparte,delpagu01,LW,48,48,1,8,9,-0.6
Don Dietrich,dietrdo01,D,11,28,0,7,7,0.9
Gary Dillon,dilloga01,C,13,13,1,1,2,-0.2
Jim Dobson,dobsoji01,RW,3,12,0,0,0,-0.4
Dan Dorion,dorioda01,C,4,4,1,1,2,0.1
Jim Dowd,dowdji01,C,121,728,71,168,239,15.9
Norm Dube,dubeno01,LW,57,57,8,10,18,0.6
Denis Dupéré,duperde01,LW,154,421,80,99,179,9.8
Steve Durbano,durbast01,D,56,220,13,60,73,13.4
Mike Dwyer,dwyermi01,LW,22,31,2,6,8,-0.2
Tyler Eckford,eckfoty01,D,7,7,0,1,1,0.1
Tom Edur,edurto01,D,100,158,17,70,87,14.8
Dave Ellett,elletda01,D,20,1129,153,415,568,88.4
David Emma,emmada01,C,23,34,5,6,11,0.4
Chris Evans,evansch01,D,2,241,19,42,61,8.7
Jim Fahey,faheyji01,D,13,92,1,24,25,3.2
Bobby Farnham,farnhbo01,LW,50,67,8,2,10,1.2
Vernon Fiddler,fiddlve01,C,39,877,104,157,261,18.0
John Flesch,flescjo01,LW,5,124,18,23,41,0.6
Larry Floyd,floydla01,C,12,12,2,3,5,0.0
Corey Foster,fosteco01,D,2,45,5,6,11,1.2
Dwight Foster,fostedw01,RW,74,541,111,163,274,12.6
Kurtis Foster,fosteku01,D,28,405,42,118,160,27.9
Mark Fraser,frasema01,D,132,219,4,18,22,7.1
Jeff Friesen,friesje01,LW,162,893,218,298,516,51.2
Kurtis Gabriel,gabriku01,RW,22,38,2,3,5,0.4
Germain Gagnon,gagnoge01,LW,31,259,40,101,141,7.9
Bruce Gardiner,gardibr01,RW,7,312,34,54,88,5.1
Paul Gardner,gardnpa01,C,170,447,201,201,402,31.0
Luke Gazdic,gazdilu01,LW,11,147,5,3,8,-0.8
Eric Gelinas,geliner01,D,156,189,14,41,55,10.5
Mario Giallonardo,giallma01,D,23,23,0,3,3,1.1
Brian Gibbons,gibbobr02,C,59,189,25,42,67,6.4
Brandon Gignac,gignabr01,C,1,1,0,0,0,-0.1
Ed Gilbert,gilbeed01,C,121,166,21,31,52,-0.5
Mike Gillis,gillimi01,LW,121,246,33,43,76,0.4
Doug Gilmour*,gilmodo01,C,83,1474,450,964,1414,118.6
Larry Giroux,giroula01,D,21,274,15,74,89,12.2
Ray Giroux,giroura01,D,22,38,0,13,13,1.7
Sascha Goc,gocsa01,D,13,22,0,0,0,0.6
Michael Grabner,grabnmi01,RW,21,594,167,98,265,33.8
Marc-Andre Gragnani,gragnma01,D,4,78,3,15,18,0.7
Stanislav Gron,gronst01,RW,1,1,0,0,0,0.0
Danny Gruen,gruenda01,LW,29,49,9,13,22,1.2
Eric Gryba,grybaer01,D,10,289,7,36,43,10.9
Steve Guolla,guollst01,C,12,205,40,46,86,7.1
Peter Gustavsson,gustape01,LW,2,2,0,0,0,-0.1
David Hale,haleda01,D,146,327,4,25,29,9.9
Matt Halischuk,halisma01,RW,21,280,33,42,75,7.4
Taylor Hall,hallta02,LW,181,562,202,309,511,60.5
Ben Hankinson,hankibe01,RW,25,43,3,3,6,-0.5
Terry Harper,harpete01,D,15,1066,35,221,256,78.3
Peter Harrold,harrope01,D,110,274,13,29,42,8.9
Buster Harvey,harvebu01,RW,39,407,90,118,208,12.4
Hugh Harvey,harvehu01,C/LW,18,18,1,1,2,-0.3
Niclas Havelid,havelni01,D,15,628,34,137,171,32.9
Martin Havlat,havlama01,RW,40,790,242,352,594,70.6
Jimmy Hayes,hayesji01,RW,33,334,54,55,109,10.1
Seth Helgeson,helgese01,D,50,50,1,3,4,1.7
Alan Hepple,hepplal01,D,3,3,0,0,0,-0.1
Pat Hickey,hickepa01,LW,24,644,192,212,404,25.8
Uli Hiemer,hiemeul01,D,143,143,19,54,73,9.5
Tim Higgins,higgiti01,RW,167,706,154,198,352,17.9
Nico Hischier,hischni01,C,151,151,37,62,99,10.6
Bob Hoffmeyer,hoffmbo01,D,95,198,14,52,66,10.8
Doug Horbul,horbudo01,LW,4,4,1,0,1,0.0
Claude Houde,houdecl01,D,59,59,3,6,9,1.5
Phil Housley*,houslph01,D,22,1495,338,894,1232,170.7
Garry Howatt,howatga01,LW,44,720,112,156,268,10.0
Raman Hrabarenka,hrabara01,D,1,1,0,0,0,0.1
Jan Hrdina,hrdinja01,C,13,513,101,196,297,26.1
Brent Hughes,hughebr01,D,66,436,15,117,132,22.8
Jack Hughes,hugheja02,D,46,46,2,5,7,1.2
Cale Hulse,hulseca01,D,8,619,16,79,95,21.3
Jamie Huscroft,huscrja01,D,65,352,5,33,38,13.9
Dave Hutchison,hutchda01,D,32,584,19,97,116,33.7
Joshua Jacobs,jacobjo01,D,1,1,0,0,0,-0.1
Jaromir Jagr,jagrja01,RW,139,1733,766,1155,1921,217.1
Cam Janssen,janssca01,RW,171,336,6,8,14,-1.4
Rick Jodzio,jodziri01,LW,32,70,2,8,10,-1.2
John Johannson,johanjo01,C,5,5,0,0,0,-0.2
Trevor Johansen,johantr01,D,108,286,11,46,57,11.3
Marcus Johansson,johanma03,C/W,77,588,120,214,334,33.4
Larry Johnston,johnsla01,D,113,320,9,64,73,11.5
Sergey Kalinin,kalinse01,C,121,121,10,9,19,0.3
Valeri Kamensky,kamenva01,LW,30,637,200,301,501,47.7
Michael Kapla,kaplami01,D,5,5,0,0,0,0.0
Christer Kellgren,kellgch01,RW,5,5,0,0,0,-0.2
Steve Kelly,kellyst01,C,25,149,9,12,21,-1.1
Tyler Kennedy,kennety01,C,50,527,89,126,215,21.2
Veli-Pekka Ketola,ketolve01,C,44,44,9,5,14,0.2
Ralph Klassen,klassra01,C,108,497,52,93,145,-0.8
Ken Klee,kleeke01,D,18,934,55,140,195,33.9
Jim Korn,kornji01,D/LW,154,597,66,122,188,19.8
Tom Kostopoulos,kostoto01,RW,15,630,61,96,157,7.4
Viktor Kozlov,kozlovi01,C,80,897,198,339,537,50.2
Kevin Krook,krookke01,D,3,3,0,0,0,0.1
Vlastimil Kroupa,kroupvl01,D,2,105,4,19,23,2.2
Tom Kurvers,kurveto01,D,131,659,93,328,421,54.3
Michel Lachance,lachami01,D,21,21,0,4,4,0.7
Dan LaCouture,lacouda01,LW,6,337,20,25,45,-0.2
Jean-Guy Lagace,lagacje01,D,88,197,9,39,48,7.7
Sasha Lakovic,lakovsa01,RW,18,37,0,4,4,-0.3
Darren Langdon,langdda01,LW,14,521,16,23,39,-3.0
Nick Lappin,lappini01,RW,60,60,5,3,8,-0.4
Igor Larionov*,larioig01,C,49,921,169,475,644,54.9
Jeff Larmer,larmeje01,LW,113,158,37,51,88,4.7
Jay Leach,leachja02,D,31,70,1,2,3,1.6
Bryan Lefley,leflebr01,D/LW,158,228,7,29,36,7.7
Henry Lehvonen,lehvohe01,D,4,4,0,0,0,0.5
Roger Lemelin,lemelro01,D,36,36,1,2,3,0.9
Jocelyn Lemieux,lemiejo01,RW,18,598,80,84,164,3.8
Rich Lemieux,lemieri01,C,81,274,39,82,121,3.5
Tim Lenardon,lenarti01,C,7,15,2,1,3,-0.1
Pierre-Luc Letourneau-Leblond,letoupi01,RW,37,41,0,3,3,-0.1
Tapio Levo,levota01,D,107,107,16,53,69,7.6
Bill Lochead,lochebi01,LW,27,330,69,62,131,6.2
Andrei Loktionov,loktian01,C,76,155,22,26,48,4.7
Ben Lovejoy,lovejbe01,D,190,544,20,81,101,25.6
Brad Lukowich,lukowbr01,D,93,658,23,90,113,31.4
Jeff Madill,madilje01,RW,14,14,4,0,4,0.2
Olivier Magnan,magnaol01,D,18,18,0,0,0,0.2
Adam Mair,mairad01,C,65,615,38,76,114,5.5
Vladimir Malakhov,malakvl01,D,46,712,86,260,346,59.2
Troy Mallette,malletr01,LW,51,456,51,68,119,1.5
Olli Malmivaara,malmiol01,D,2,2,0,0,0,0.2
Dave Marcinyshyn,marcida01,D,9,16,0,1,1,0.3
Hector Marini,marinhe01,RW,109,154,27,46,73,3.0
Gordon Mark,markgo01,D,55,85,3,10,13,1.5
Pat Maroon,maroopa01,LW,17,449,88,118,206,21.5
Grant Marshall,marshgr01,RW,151,700,92,147,239,16.9
Stefan Matteau,mattest02,LW,44,64,3,4,7,-0.4
Richard Matvichuk,matviri01,D,63,796,39,139,178,50.7
Kevin Maxwell,maxweke01,C,48,66,6,15,21,-0.3
Gary McAdam,mcadaga01,LW,36,528,94,132,226,9.4
Chris McAlpine,mcalpch01,D,24,289,6,24,30,10.0
Dean McAmmond,mcammde01,C,62,996,186,262,448,41.6
John McCahill,mccahjo01,D,1,1,0,0,0,0.0
Lanny McDonald*,mcdonla01,RW,142,1111,500,506,1006,84.2
Terry McDonald,mcdonte01,D,8,8,0,1,1,0.1
Jim McElmury,mcelmji01,D,173,180,14,47,61,10.1
Mike McEwen,mcewemi01,D,132,716,108,296,404,58.7
Dan McGillis,mcgilda01,D,27,634,56,182,238,48.7
Walt McKechnie,mckecwa01,C,70,955,214,392,606,37.5
Michael McLeod,mcleomi01,C,21,21,0,3,3,-0.4
Peter McNab,mcnabpe01,C,117,955,363,450,813,65.3
George McPhee,mcphege01,LW,6,115,24,25,49,2.2
Rick Meagher,meaghri01,C,180,691,144,165,309,14.8
Glenn Merkosky,merkogl01,C,39,66,5,12,17,-0.5
Paul Messier,messipa01,C,9,9,0,0,0,-0.4
Joe Micheletti,michejo01,D,21,158,11,60,71,11.2
Corey Millen,milleco01,C,95,335,90,119,209,16.9
Bob Miller,millebo01,C,78,404,75,119,194,8.6
Jason Miller,milleja03,LW,6,6,0,0,0,-0.2
Paul Miller,millepa01,C,3,3,0,3,3,0.2
Brad Mills,millsbr01,C,31,34,1,1,2,-0.5
Willie Mitchell,mitchwi01,D,18,907,34,146,180,58.0
Jaroslav Modry,modryja01,D,52,725,49,201,250,45.9
Alexander Mogilny,mogilal01,RW,121,990,473,559,1032,111.5
Mike Moher,mohermi01,RW,9,9,0,1,1,-0.2
Jon Morris,morrijo02,C,86,103,16,33,49,2.4
Brendan Morrison,morribr01,C,131,934,200,401,601,58.7
Kevin Morrison,morrike01,D,41,41,4,11,15,2.9
Vojtech Mozik,mozikvo01,D,7,7,0,0,0,0.2
Mirco Mueller,muellmi01,D,81,135,3,18,21,3.9
Bryan Muir,muirbr01,D,1,279,16,37,53,9.1
Grant Mulvey,mulvegr01,RW,12,586,149,135,284,15.8
Cory Murphy,murphco01,D,12,91,9,27,36,5.7
Ryan Murphy,murphry01,D,1,175,8,35,43,7.2
Ken Murray,murrake01,D,31,106,1,10,11,4.2
Bob Neely,neelybo01,LW/D,22,283,39,59,98,9.7
Bernie Nicholls,nichobe01,C,84,1127,475,734,1209,96.8
Graeme Nicolson,nicolgr01,D,41,52,2,7,9,1.7
Rob Niedermayer,niedero01,C,71,1153,186,283,469,28.4
Joe Nieuwendyk*,nieuwjo01,C,94,1257,564,562,1126,120.0
Lou Nistico,nistilo01,C,3,3,0,0,0,-0.1
Stefan Noesen,noesest01,RW,145,159,24,21,45,4.4
Simon Nolet,noletsi01,RW,165,562,150,182,332,25.4
Craig Norwich,norwicr01,D,11,104,17,58,75,11.1
Lee Norwood,norwole01,D,28,503,58,153,211,35.5
Dennis O'Brien,obriede01,D,16,592,31,91,122,30.5
Jim O'Brien,obrieji01,C,4,77,8,5,13,0.7
Jack O'Callahan,ocallja01,D,86,389,27,104,131,22.4
Myles O'Connor,oconnmy01,D,38,43,3,4,7,1.9
Sean O'Donnell,odonnse01,D,17,1224,31,198,229,58.8
Brian O'Neill,oneilbr01,C,22,22,0,2,2,-0.2
Janne Ojanen,ojaneja01,C,98,98,21,23,44,2.0
Rostislav Olesz,oleszro01,LW,10,365,57,77,134,9.8
Dennis Owchar,owchade01,D,120,288,30,85,115,15.8
Clayton Pachal,pachacl01,C/LW,24,35,2,3,5,-0.7
Robert Palmer,palmero02,D,98,320,9,101,110,19.7
Nick Palmieri,palmini01,RW,78,87,13,12,25,2.7
P.A. Parenteau,parenpi01,LW,59,491,114,182,296,30.2
Craig Patrick*,patricr01,RW,80,401,72,91,163,5.6
Dennis Patterson,pattede01,D,135,138,6,22,28,4.7
Scott Pellerin,pellesc01,LW,52,536,72,126,198,14.3
Mike Peluso,pelusmi01,LW,192,458,38,52,90,-0.8
Ricard Persson,perssri01,D,13,229,10,44,54,12.6
Harri Pesonen,pesonha01,LW,4,4,0,0,0,-0.1
Andrew Peters,peteran01,LW,29,229,4,3,7,-1.2
Steve Peters,peterst01,C,2,2,0,1,1,0.1
Dave Pichette,picheda01,D,104,322,41,140,181,22.6
Blake Pietila,pietibl01,LW,38,38,1,3,4,-0.6
Tuomas Pihlman,pihlmtu01,LW,15,15,1,1,2,0.0
Ilkka Pikkarainen,pikkail01,RW,31,31,1,3,4,0.0
Walt Poddubny,podduwa01,LW,54,468,184,238,422,32.3
Alexei Ponikarovsky,ponikal01,LW,63,678,139,184,323,33.2
Jukka Porvari,porvaju01,RW,39,39,3,9,12,-0.4
Lynn Powis,powisly01,C,73,130,19,33,52,1.4
Tracy Pratt,pratttr01,D,66,580,17,97,114,27.6
Rich Preston,prestri01,RW,151,580,127,164,291,13.5
Dalton Prout,proutda01,D,18,262,7,31,38,7.4
Nelson Pyatt,pyattne01,C,189,296,71,63,134,5.8
John Quenneville,quennjo02,C,33,33,2,3,5,0.1
Kyle Quincey,quincky01,D,53,586,36,122,158,34.2
Deron Quint,quintde01,D,4,463,46,97,143,21.8
Karel Rachunek,rachuka01,D,47,371,22,118,140,28.0
Pascal Rheaume,rheaupa01,C,35,318,39,52,91,6.6
Steve Richmond,richmst01,D,44,159,4,23,27,4.5
René Robert,roberre01,RW,97,744,284,418,702,59.6
Phil Roberto,roberph01,RW,59,385,75,106,181,9.7
Kevin Rooney,rooneke01,C,46,46,6,4,10,0.6
Steve Rooney,roonest01,LW,25,154,15,13,28,-1.1
Randy Rota,rotara01,C/LW,152,212,38,39,77,2.1
Reijo Ruotsalainen,ruotsre01,D,31,446,107,237,344,48.3
Phil Russell,russeph01,D,172,1016,99,325,424,79.5
Tuomo Ruutu,ruututu01,C/LW,129,735,148,198,346,31.9
Michael Ryder,rydermi01,RW,129,806,237,247,484,57.2
Jason Ryznar,ryznaja01,LW,8,8,0,0,0,-0.1
Don Saleski,salesdo01,RW,67,543,128,125,253,16.0
Anssi Salmela,salmean01,D,74,112,4,17,21,4.0
Andreas Salomonsson,saloman01,RW,39,71,5,9,14,0.2
Steven Santini,santist01,D,114,114,5,16,21,4.4
David Schlemko,schleda01,D,67,415,18,76,94,20.9
Bobby Schmautz,schmabo01,RW,20,764,271,286,557,45.4
Alexander Semak,semakal01,C,180,289,83,91,174,13.9
Brett Seney,seneybr01,LW,51,51,5,8,13,0.6
Tim Sestito,sestiti01,C,100,101,0,8,8,-0.9
Sean Shanahan,shanase01,C/RW,30,40,1,3,4,-1.1
Vadim Sharifijanov,shariva01,LW,75,92,16,21,37,3.3
Bobby Sheehan,sheehbo01,C,71,310,48,63,111,4.7
Reid Simpson,simpsre01,LW,65,301,18,18,36,0.8
Mike Sislo,sislomi01,RW,42,42,3,2,5,0.1
Jarrod Skalde,skaldja01,C,27,115,13,21,34,0.8
Larry Skinner,skinnla01,C,47,47,10,12,22,1.0
Martin Skoula,skoulma01,D,19,776,44,152,196,45.0
Rob Skrlac,skrlaro01,LW,8,8,1,0,1,0.2
Richard Smehlik,smehlri01,D,12,644,49,146,195,44.5
Barry Smith,smithba01,C,95,114,7,7,14,-1.7
Jason Smith,smithja01,D,164,1008,41,128,169,48.3
Devante Smith-Pelly,smithde06,RW,71,395,44,57,101,5.9
Ted Snell,snellte01,RW,29,104,7,18,25,-1.1
Sheldon Souray,sourash01,D,182,758,109,191,300,58.9
Blake Speers,speerbl01,C,3,3,0,0,0,0.0
Andy Spruce,sprucan01,LW,121,172,31,42,73,3.0
Drew Stafford,staffdr01,RW,116,841,196,232,428,43.6
Sergei Starikov,starise01,D,16,16,0,1,1,0.1
David Steckel,steckda01,C,18,425,33,46,79,1.4
Lee Stempniak,stemple01,RW,63,911,203,266,469,47.5
Allan Stewart,stewaal01,LW,60,64,6,4,10,-0.7
Karl Stollery,stollka01,D,11,23,0,3,3,0.3
Peter Sturgeon,sturgpe01,LW,6,6,0,1,1,-0.1
Alexander Suglobov,sugloal01,RW,2,18,1,0,1,-0.4
Brian Sullivan,sullibr01,RW,2,2,0,1,1,0.0
Steve Sullivan,sullist01,RW,58,1011,290,457,747,81.2
Peter Sundstrom,sundspe01,LW,21,338,61,83,144,5.3
Ken Sutton,suttoke01,D,77,388,23,80,103,19.8
Mark Suzor,suzorma01,D,60,64,4,16,20,2.0
Barry Tallackson,tallaba01,RW,20,20,1,1,2,-0.1
Henrik Tallinder,tallihe01,D,146,678,28,114,142,34.4
Steve Tambellini,tambest01,C,165,553,160,150,310,16.3
Eric Tangradi,tangrer01,C,6,150,5,11,16,-1.2
Matt Taormina,taormma01,D,47,59,4,8,12,3.5
Mattias Tedenby,tedenma01,LW,120,120,10,20,30,1.8
Steve Thomas,thomast01,LW,193,1235,421,512,933,85.0
Paul Thompson,thomppa02,RW,3,24,0,3,3,-0.1
Ben Thomson,thomsbe01,LW,3,3,0,0,0,-0.2
Jim Thomson,thomsji02,RW,3,115,4,3,7,-2.7
Esa Tikkanen,tikkaes01,LW,9,877,244,386,630,46.7
Jiri Tlusty,tlustji01,C,30,446,89,88,177,19.2
Kevin Todd,toddke01,C,112,383,70,133,203,12.4
Jordin Tootoo,tootojo01,RW,134,723,65,96,161,9.8
Rocky Trottier,trottro01,RW,38,38,6,4,10,0.2
Sylvain Turgeon,turgesy01,LW,72,669,269,226,495,37.8
Dean Turner,turnede01,D,31,35,1,0,1,1.2
Oleg Tverdovsky,tverdol01,D,50,713,77,240,317,56.4
Alexander Urbom,urbomal01,D,14,34,3,1,4,1.2
Carol Vadnais,vadnaca01,D,51,1087,169,418,587,92.0
Jack Valiquette,valiqja01,C,178,350,84,134,218,13.3
Alexander Vasyunov,vasyual01,LW,18,18,1,4,5,0.4
Sami Vatanen,vatansa01,D,107,387,40,131,171,31.4
Yvon Vautour,vautoyv01,RW,182,204,26,33,59,-0.3
Stephane Veilleux,veillst01,LW,1,506,50,56,106,4.0
Claude Vilgrain,vilgrcl01,RW,81,89,21,32,53,3.9
Vitaly Vishnevski,vishnvi01,D,69,552,16,52,68,18.5
Petr Vrana,vranape01,C,16,16,1,0,1,-0.2
Ben Walter,waltebe01,C,2,24,1,0,1,-0.2
Ed Ward,warded01,RW,4,278,23,26,49,0.7
Joe Ward,wardjo01,C,4,4,0,0,0,-0.1
David Warsofsky,warsoda01,D,10,55,2,9,11,1.6
Dave Watson,watsoda01,LW,18,18,0,1,1,-0.4
Joe Watson,watsojo01,D,16,836,38,178,216,58.9
Eric Weinrich,weinrer01,D,173,1157,70,318,388,82.0
Stan Weir,weirst01,C,10,642,139,207,346,17.6
John Wensink,wensijo01,LW,99,403,70,68,138,5.3
Colton White,whiteco03,D,3,3,0,0,0,-0.1
Joe Whitney,whitnjo01,RW,5,5,1,0,1,0.1
Jason Wiemer,wiemeja01,C,16,726,90,112,202,10.9
Mitch Wilson,wilsomi01,C,9,26,2,3,5,-0.2
John Wright,wrighjo01,C,4,127,16,36,52,1.7
Egor Yakovlev,yakoveg01,D,25,25,2,5,7,1.0
Paul Ysebaert,ysebapa01,C,21,532,149,187,336,26.5
Steven Zalewski,zalewst01,C,7,10,0,0,0,-0.3
Peter Zezel,zezelpe01,C,23,873,219,388,607,43.5
Vladimir Zharkov,zharkvl01,RW,82,82,2,12,14,0.6
Andrei Zyuzin,zyuzian01,D,39,496,38,82,120,25.8
