Andy Aitkenhead,aitkean01,G,106,106,0,0,47,16.5
Lorne Anderson,anderlo01,G,3,3,0,0,1,-0.6
Hardy Astrom,astroha01,G,4,83,0,0,17,11.0
Alex Auld,auldal01,G,3,237,0,0,91,35.8
Steve Baker,bakerst01,G,57,57,0,0,20,8.2
Bill Beveridge,beverbi01,G,17,295,0,0,87,35.1
Martin Biron,bironma01,G,46,508,0,0,230,88.0
Dan Blackburn,blackda01,G,63,63,0,0,20,8.0
Lionel Bouvrette,bouvrli01,G,1,1,0,0,0,0.0
Johnny Bower,bowerjo01,G,77,552,0,0,250,104.3
Steve Buzinski,buzinst01,G,9,9,0,0,2,-0.1
Lorne Chabot,chabolo01,G,81,412,0,0,200,75.3
Dan Cloutier,cloutda01,G,34,351,0,0,139,44.5
Bob DeCourcy,decoubo01,G,1,1,0,0,0,-0.4
Dave Dryden,drydeda01,G,1,203,0,0,69,26.7
Mike Dunham,dunhami01,G,100,394,0,0,141,65.4
Emile Francis,francem01,G,22,95,0,0,32,8.1
Jimmy Franks,frankji01,G,23,42,0,0,12,5.2
Bob Froese,froesbo01,G,98,242,0,0,128,42.1
Bruce Gamble,gamblbr01,G,3,328,0,0,111,42.5
Bert Gardiner,gardibe01,G,1,144,0,0,49,19.2
Alexandar Georgiev,georgal01,G,43,43,0,0,18,8.4
Gilles Gratton,grattgi01,G,41,47,0,0,13,3.9
Brandon Halverson,halvebr01,G,1,1,0,0,0,0.0
Glen Hanlon,hanlogl01,G,138,476,0,0,167,76.7
Glenn Healy,healygl01,G,113,437,0,0,166,62.6
Guy Hebert,hebergu01,G,13,491,0,0,191,92.3
Magnus Hellberg,hellbma01,G,3,4,0,0,1,0.0
Jim Henry,henryji01,G,108,405,0,0,161,57.9
Corey Hirsch,hirscco01,G,4,108,0,0,34,14.1
Milan Hnilicka,hnilimi01,G,2,121,0,0,29,19.5
Johan Holmqvist,holmqjo01,G,4,99,0,0,48,10.1
Chris Holt,holtch01,G,1,2,0,0,0,0.1
Percy Jackson,jackspe01,G,1,7,0,0,1,-0.2
Chad Johnson,johnsch02,G,6,192,0,0,80,26.4
Terry Kleisinger,kleiste01,G,4,4,0,0,0,0.6
Julian Klymkiw,klymkju01,G,1,1,0,0,0,-0.1
Jason LaBarbera,labarja01,G,5,187,0,0,62,28.7
Jean-Francois Labbe,labbeje01,G,1,15,0,0,3,1.2
Harry Lumley,lumleha01,G,1,803,0,0,330,133.6
Cesare Maniago,maniace01,G,34,568,0,0,190,80.9
Jussi Markkanen,markkju01,G,26,128,0,0,43,16.5
Ken McAuley,mcaulke01,G,96,96,0,0,17,3.9
Jack McCartan,mccarja01,G,12,12,0,0,2,1.1
Peter McDuffe,mcdufpe01,G,7,57,0,0,11,5.3
Kirk McLean,mcleaki01,G,45,612,0,0,245,84.0
Jamie McLennan,mclenja01,G,4,254,0,0,80,31.5
Eddie Mio,mioed01,G,66,192,0,0,64,25.3
Jason Muzzatti,muzzaja01,G,6,62,0,0,13,7.3
Dan Olesevich,oleseda01,G,1,1,0,0,0,0.0
Marcel Paille,paillma01,G,107,107,0,0,32,11.5
Ondrej Pavelec,pavelon01,G,19,398,0,0,156,60.9
Marcel Pelletier,pellema01,G,2,8,0,0,1,-0.3
Jacques Plante,plantja01,G,98,837,0,0,437,173.7
Antti Raanta,raantan01,G,55,153,0,0,73,26.8
Jamie Ram,ramja01,G,1,1,0,0,0,0.1
Curt Ridley,ridlecu01,G,2,104,0,0,27,10.6
John Ross Roach,roachjo01,G,180,491,0,0,219,74.1
Al Rollins,rollial01,G,10,430,0,0,140,58.1
Terry Sawchuk,sawchte01,G,8,971,0,0,445,179.0
Joe Schaefer,schaejo01,G,2,2,0,0,0,-0.1
Ron Scott,scottro01,G,16,28,0,0,8,3.4
Don Simmons,simmodo01,G,22,249,0,0,100,39.0
Mackenzie Skapski,skapsma01,G,2,2,0,0,2,0.6
Doug Soetaert,soetado01,G,103,284,0,0,110,35.9
Doug Stevenson,stevedo01,G,4,8,0,0,2,0.5
Cam Talbot,talboca01,G,57,288,0,0,138,50.9
Dave Tataryn,tatarda01,G,2,2,0,0,1,-0.3
Wayne Thomas,thomawa01,G,94,243,0,0,103,37.4
Steve Valiquette,valiqst01,G,39,46,0,0,16,6.1
Gilles Villemure,villegi01,G,184,205,0,0,100,38.1
Kevin Weekes,weekeke01,G,46,348,0,0,105,52.6
Steve Weeks,weeksst01,G,94,291,0,0,112,40.3
Dunc Wilson,wilsodu01,G,23,287,0,0,80,30.9
Hal Winkler,winklha01,G,8,75,0,0,35,15.9
Vitali Yeremeyev,yeremvi01,G,4,4,0,0,0,0.0
Matt Zaba,zabama01,G,1,1,0,0,0,0.0
Clarence Abel,abelcl01,D,111,333,20,18,38,32.0
Douglas Adam,adamdo01,LW,4,4,0,1,1,0.0
Lloyd Ailsby,ailsbll01,D,3,3,0,0,0,0.1
Clint Albright,albricl01,C,59,59,14,5,19,1.5
Conor Allen,allenco01,D,7,7,0,0,0,-0.1
George Allen,allenge01,LW/D,19,340,82,115,197,27.7
Bill Allum,allumbi01,D,1,1,0,1,1,0.2
Glenn Anderson*,andergl01,RW,12,1129,498,601,1099,88.1
Kent-Erik Andersson,anderke01,RW,134,456,72,103,175,6.2
Lias Andersson,anderli01,C,49,49,3,5,8,-0.2
Peter Andersson,anderpe03,D,39,47,6,13,19,3.0
Paul Andrea,andrepa01,RW,4,150,31,49,80,4.9
Lou Angotti,angotlo01,C/RW,91,653,103,186,289,15.2
Hub Anslow,anslohu01,C,2,2,0,0,0,-0.1
Nik Antropov,antroni01,C,18,788,193,272,465,49.2
Syl Apps,appssy02,C,31,727,183,423,606,46.3
Dave Archibald,archida01,C/LW,19,323,57,67,124,4.6
Derek Armstrong,armstde01,C,7,477,72,149,221,18.9
Arron Asham,ashamar01,RW,33,789,94,114,208,16.8
Oscar Asmundson,asmunos01,C,94,111,11,23,34,2.0
Walt Atanas,atanawa01,RW,49,49,13,8,21,0.6
Ron Attwell,attwero01,RW,4,22,1,7,8,-0.1
Ossie Aubuchon,aubucos01,LW,38,50,20,12,32,1.3
Don Awrey,awreydo01,D,78,979,31,158,189,51.0
Vern Ayres,ayresve01,D,28,211,6,11,17,11.5
Pete Babando,babanpe01,LW,29,351,86,73,159,13.8
Christian Backman,backmch01,D,18,302,23,56,79,18.2
Mike Backman,backmmi01,RW,18,18,1,6,7,0.1
Bill Baker,bakerbi01,D,70,143,7,25,32,5.8
Jozef Balej,balejjo01,RW,13,18,1,5,6,0.3
Jeff Bandura,banduje01,D,2,2,0,1,1,0.0
Drew Bannister,bannidr01,D,3,164,5,25,30,5.4
Ivan Baranka,baraniv01,D,1,1,0,1,1,0.2
Dave Barr,barrda01,RW,6,614,128,204,332,19.9
Jim Bartlett,bartlji01,LW,126,191,34,23,57,2.0
Cliff Barton,bartocl01,RW,3,85,10,11,21,-0.9
Frank Bathgate,bathgfr01,C,2,2,0,0,0,-0.1
Frank Beaton,beatofr01,LW,25,25,1,1,2,-0.7
Taylor Beck,beckta01,RW,2,92,11,12,23,1.5
John Bednarski,bednajo01,D,99,100,2,18,20,3.7
Matt Beleskey,belesma01,LW,5,477,76,82,158,14.6
Danny Belisle,belisda01,RW,4,4,2,0,2,0.2
Brendan Bell,bellbr02,D,1,102,7,21,28,3.9
Bruce Bell,bellbr01,D,13,209,12,64,76,14.5
Huddy Bell,bellha01,RW/D,1,1,0,1,1,0.1
Joe Bell,belljo01,LW,62,62,8,9,17,0.0
Lin Bend,bendli01,C,8,8,3,1,4,0.1
Curt Bennett,bennecu01,LW,16,580,152,182,334,22.5
Rick Bennett,benneri01,LW,15,15,1,1,2,-0.3
Doug Bentley*,bentldo01,LW,20,565,219,324,543,48.9
Max Bentley*,bentlma01,C,57,646,245,299,544,56.6
Bryan Berard,berarbr01,D,82,619,76,247,323,45.4
Red Berenson,berenre01,C,49,987,261,397,658,51.1
Bill Berg,bergbi01,LW,152,546,55,67,122,0.1
Nick Beverley,beverni01,D,139,502,18,94,112,25.7
Stu Bickel,bickest01,D,67,76,0,10,10,1.9
Bob Blackburn,blackbo01,D,11,135,8,12,20,7.4
Don Blackburn,blackdo01,LW,4,185,23,44,67,2.0
Mike Blaisdell,blaismi01,RW,48,343,70,84,154,6.2
Jeff Bloemberg,bloemje01,D,43,43,3,6,9,2.4
Sylvain Blouin,blouisy01,LW,7,115,3,4,7,-1.0
Derek Boogaard,boogade01,LW,22,277,3,13,16,-0.7
Tim Bothwell,bothwti01,D,62,501,28,93,121,28.9
Dick Bouchard,bouchdi01,RW,1,1,0,0,0,0.0
Joel Bouchard,bouchjo01,D,55,364,22,53,75,15.1
Leo Bourgeault,bourgle01,D,155,307,25,20,45,24.9
Phil Bourque,bourqph01,LW,71,477,88,111,199,9.5
Ryan Bourque,bourqry01,C,1,1,0,0,0,-0.1
Paul Boutilier,boutipa01,D,4,288,27,83,110,17.4
Jack Bownass,bownaja01,D,76,80,3,7,10,3.7
Bill Boyd,boydbi01,RW,98,142,15,7,22,-0.4
Dan Boyle,boyleda01,D,139,1093,163,442,605,107.1
Donald Brashear,brashdo01,LW,36,1025,85,120,205,5.1
Doug Brennan,brenndo01,D,123,123,9,7,16,9.8
Rich Brennan,brennri01,D,24,50,2,6,8,1.4
John Brenneman,brennjo01,LW,33,152,21,19,40,0.8
Connor Brickley,brickco01,C,14,81,6,15,21,1.3
Stephane Brochu,brochst01,D,1,1,0,0,0,0.1
Bob Brooke,brookbo01,C,175,447,69,97,166,4.7
Paul Broten,brotepa01,RW,194,322,46,55,101,4.4
Brad Brown,brownbr01,D,48,330,2,27,29,6.0
Harold Brown,brownha01,RW,13,13,2,1,3,0.0
Larry Brown,brownla01,D,46,455,7,53,60,21.5
Stan Brown,brownst01,D,24,50,8,3,11,7.1
Jeff Brubaker,brubaje01,LW,31,178,16,9,25,-2.2
Glenn Brydson,brydsgl01,RW,30,299,54,79,133,13.5
Bucky Buchanan,buchabu01,C/RW,2,2,0,0,0,-0.1
Pavel Buchnevich,buchnpa01,LW,179,179,43,58,101,10.4
Hy Buller,bullehy01,D,179,188,22,58,80,15.6
Pavel Bure*,burepa01,RW,51,702,437,342,779,93.1
Kelly Burnett,burneke01,C,3,3,1,0,1,0.1
Gary Burns,burnsga01,LW/C,11,11,2,2,4,-0.1
Norm Burns,burnsno01,C,11,11,0,4,4,0.0
Jerry Butler,butleje01,RW,112,641,99,120,219,5.6
Dane Byers,byersda01,LW,6,14,1,0,1,0.0
Jerry Byers,byersje01,LW,7,43,3,4,7,-0.3
Eric Cairns,cairner01,D,79,457,10,32,42,8.2
Patsy Callighen,callipa01,D,36,36,0,0,0,2.2
Scotty Cameron,camersc01,C,35,35,8,11,19,0.4
Daniel Carcillo,carcida01,LW,31,429,48,52,100,7.6
Paul Carey,careypa01,C,60,99,8,8,16,0.5
Terry Carkner,carknte01,D,52,858,42,188,230,45.4
Bob Carpenter,carpebo01,C,28,1178,320,408,728,46.1
Gene Carr,carrge01,C,139,465,79,136,215,11.0
Lorne Carr,carrlo01,RW,14,580,204,227,431,39.3
Gene Carrigan,carrige01,C,33,37,2,1,3,-0.6
Bill Carse,carsebi01,C,1,124,27,40,67,5.7
Gerry Carson,carsoge01,D,8,260,12,10,22,18.3
Anson Carter,cartean01,RW,54,674,202,219,421,45.1
Daniel Catenacci,catenda01,C,1,12,0,0,0,-0.3
Jay Caufield,caufija01,RW,13,208,5,8,13,-4.3
Chick Chalmers,chalmch01,C,1,1,0,0,0,0.0
Todd Charlesworth,charlto01,D,7,93,3,9,12,1.7
Rick Chartraw,chartri01,D/RW,30,420,28,64,92,22.2
Erik Christensen,chriser01,C,132,387,68,95,163,14.7
Bob Chrystal,chrysbo01,D,132,132,11,14,25,7.0
Shane Churla,churlsh01,RW,55,488,26,45,71,-5.9
Filip Chytil,chytifi01,C,84,84,12,14,26,1.0
Hank Ciesla,cieslha01,C,131,271,26,51,77,1.3
Zdeno Ciger,cigerzd01,LW,29,352,94,134,228,16.8
Joe Cirella,cireljo01,D,141,828,64,211,275,38.8
Fredrik Claesson,claesfr01,D,37,150,6,20,26,5.1
Dan Clark,clarkda01,D,4,4,0,1,1,0.2
Adam Clendening,clendad01,D,31,90,4,20,24,5.1
Bruce Cline,clinebr01,RW,30,30,2,3,5,-0.4
Ryane Clowe,clowery01,LW,12,491,112,197,309,32.1
Bill Collins,collibi01,RW,50,768,157,154,311,16.3
Les Colwill,colwile01,RW,69,69,7,6,13,-0.3
Jim Conacher,conacji01,C,33,328,85,117,202,17.2
Pat Conacher,conacpa01,LW,22,521,63,76,139,0.4
Pete Conacher,conacpe01,LW,93,229,47,39,86,6.5
Bert Connelly,connebe01,LW,72,87,13,15,28,1.8
Cam Connor,connoca01,RW,28,89,9,22,31,0.8
Hal Cooper,coopeha01,RW,8,8,0,0,0,-0.4
Joe Cooper,coopejo01,D,154,420,30,67,97,30.9
Russ Courtnall,courtru01,RW,14,1029,297,447,744,57.2
Danny Cox,coxda01,LW,13,319,48,50,98,11.0
Adam Cracknell,crackad01,RW,4,210,21,22,43,3.7
Bob Crawford,crawfbo01,RW,14,246,71,71,142,8.0
Cory Cross,crossco01,D,26,659,34,97,131,32.7
Brian Cullen,cullebr01,C,106,325,56,100,156,10.4
Matt Cullen,cullema01,C,80,1516,266,465,731,66.0
Ray Cullen,cullera01,C,8,313,92,123,215,17.2
Bob Cunningham,cunnibo01,C,4,4,0,1,1,0.0
Ian Cushenan,cusheia01,D,17,129,3,11,14,6.8
Paul Cyr,cyrpa01,LW,41,471,101,140,241,11.9
Hank D'Amore,damorha01,C,4,4,1,0,1,-0.1
Ulf Dahlen,dahleul01,LW,189,966,301,354,655,58.2
Alexandre Daigle,daiglal02,C,58,616,129,198,327,25.8
Gord Davidson,davidgo01,D,51,51,3,6,9,0.7
Jason Dawe,daweja01,RW,4,366,86,90,176,16.1
Nigel Dawes,dawesni01,LW,121,212,39,45,84,8.6
Greg de Vries,devrigr01,D,53,878,48,146,194,43.3
Billy Dea,deabi01,LW,14,397,67,54,121,4.9
Anthony DeAngelo,deangan01,D,93,132,9,43,52,6.6
Val Delory,delorva01,LW,1,1,0,0,0,0.0
Ab DeMarco,demarab01,C,182,210,72,95,167,12.3
Ab DeMarco,demarab02,D,104,344,44,80,124,26.6
Tony Demers,demerto01,RW,1,83,20,23,43,3.1
Jean-Paul Denis,denisje01,RW,10,10,0,2,2,-0.1
David Desharnais,deshada01,C,71,524,87,195,282,28.4
Vic Desjardins,desjavi01,C,48,87,6,15,21,0.7
Andre Deveaux,deveaan01,C,9,31,0,2,2,-0.2
Tom Dewar,dewarto01,D,9,9,0,2,2,0.0
Raphael Diaz,diazra01,D,11,201,8,41,49,9.2
Herb Dickenson,dickehe01,W,48,48,18,17,35,4.1
Bob Dill,dillbo01,D,76,76,15,15,30,3.2
Rob DiMaio,dimairo01,RW,12,894,106,171,277,13.7
Marcel Dionne*,dionnma01,C,118,1348,731,1040,1771,155.5
Per Djoos,djoospe01,D,56,82,2,31,33,4.9
Gary Doak,doakga01,D,50,790,23,107,130,37.7
Jason Doig,doigja01,D,10,158,6,18,24,4.1
Tie Domi,domiti01,RW,82,1020,104,141,245,10.3
Ted Donato,donatte01,LW,49,796,150,197,347,28.6
Mike Donnelly,donnemi01,LW,22,465,114,121,235,15.2
Andre Dore,dorean01,D,139,257,14,81,95,17.2
Jim Dorey,doreyji01,D,1,232,25,74,99,22.1
Derek Dorsett,dorsede01,RW,51,515,51,76,127,6.8
Jim Drummond,drummji01,D,2,2,0,0,0,0.0
Christian Dube,dubech01,C,33,33,1,1,2,-0.7
Anthony Duclair,duclaan01,LW,18,287,56,66,122,12.9
Dick Duff*,duffdi01,LW,43,1030,283,289,572,49.7
Marc Dufour,dufouma01,RW,12,14,1,0,1,-0.3
Duke Dukowski,dukowdu01,D,29,200,16,30,46,0.7
Craig Duncanson,duncacr01,LW,3,38,5,4,9,-0.3
Andre Dupont,duponan01,D,7,810,59,185,244,62.9
Brodie Dupont,duponbr01,C,1,1,0,0,0,0.0
Pascal Dupuis,dupuipa01,LW,6,871,190,219,409,44.6
Benoit Dusablon,dusabbe01,C,3,3,0,0,0,-0.1
Gordie Dwyer,dwyergo01,LW,17,108,0,5,5,-1.3
Henry Dyck,dyckhe01,C/LW,1,1,0,0,0,-0.1
Dallas Eakins,eakinda01,D,3,120,0,9,9,4.1
Mike Eastwood,eastwmi01,C,75,783,87,149,236,11.6
Pat Egan,eganpa01,D,140,552,77,153,230,48.3
Jack Egers,egersja01,RW,111,284,64,69,133,9.2
Steve Eminger,emingst01,D,142,488,19,80,99,16.0
Anders Eriksson,eriksan01,D,8,572,22,154,176,36.6
Tim Erixon,erixoti01,D,18,93,2,12,14,2.9
Bob Errey,erreybo01,LW,12,895,170,212,382,20.9
Emerson Etem,etemem01,RW,19,173,22,24,46,3.5
Bill Ezinicki,ezinibi01,RW,16,368,79,105,184,15.3
Trevor Fahey,faheytr01,LW,1,1,0,0,0,0.0
Justin Falk,falkju01,D,21,279,3,30,33,4.2
Rico Fata,fatari01,RW,46,230,27,36,63,2.3
Glen Featherstone,feathgl01,D,6,384,19,61,80,21.0
Fedor Fedorov,fedorfe01,C,3,18,0,2,2,-0.1
Ruslan Fedotenko,fedotru01,LW,139,863,173,193,366,36.4
Brent Fedyk,fedykbr01,LW,67,470,97,112,209,12.1
Tony Feltrin,feltrto01,D,10,48,3,3,6,1.1
Paul Fenton,fentopa01,LW,8,411,100,83,183,8.9
Chris Ferraro,ferrach01,C,14,74,7,9,16,0.5
Peter Ferraro,ferrape01,LW,8,92,9,15,24,1.6
Ray Ferraro,ferrara01,C,65,1258,408,490,898,74.4
Benn Ferriero,ferribe01,RW,4,98,14,9,23,2.5
Jeff Finley,finleje01,D,65,708,13,70,83,28.7
Peter Fiorentino,fiorepe01,D,1,1,0,0,0,0.0
Dunc Fisher,fishedu01,RW,142,274,45,70,115,8.1
Sandy Fitzpatrick,fitzpsa01,C,4,22,3,6,9,0.6
Pat Flatley,flatlpa01,RW,68,780,170,340,510,33.4
Steven Fogarty,fogarst01,C,11,11,0,0,0,-0.2
Gerry Foley,foleyge01,RW,137,142,9,14,23,-1.5
Val Fonteyne,fonteva01,LW,96,823,75,154,229,1.9
Colin Forbes,forbeco01,C,19,311,33,28,61,3.0
Herb Foster,fostehe01,LW,6,6,1,0,1,0.0
Yip Foster,fosteyi01,D,31,81,3,2,5,2.2
Archie Fraser,frasear01,C,3,3,0,1,1,-0.1
Scott Fraser,frasesc01,C,28,71,16,15,31,3.1
Dan Fritsche,fritsda01,C,16,256,34,42,76,6.1
Alex Frolov,froloal01,LW,43,579,175,222,397,43.7
Robbie Ftorek,ftorero01,C/LW,170,334,77,150,227,12.8
Dave Gagner,gagneda01,C,80,946,318,401,719,60.9
Dutch Gainor,gainodu01,C,46,247,51,56,107,18.5
Maxim Galanov,galanma01,D,6,122,8,12,20,3.3
Cal Gardner,gardnca01,C,126,696,154,238,392,36.8
Red Garrett,garrere01,D,23,23,1,1,2,0.3
Fern Gauthier,gauthfe01,RW,33,229,46,51,97,4.6
Bernie Geoffrion*,geoffbe01,RW,117,883,393,429,822,97.5
Ken Gernander,gernake01,RW,12,12,2,3,5,0.2
Timothy Gettinger,gettiti01,LW,4,4,0,0,0,0.0
Greg Gilbert,gilbegr01,LW,76,837,150,228,378,20.1
Curt Giles,gilescu01,D,74,895,43,199,242,50.9
Randy Gilhen,gilhera01,C,73,457,55,60,115,-0.7
Jere Gillis,gillije01,LW,61,386,78,95,173,7.6
John Gilmour,gilmojo01,D,33,33,2,3,5,0.2
Matt Gilroy,gilroma01,D,142,225,11,37,48,9.8
Alexandre Giroux,giroual01,C/LW,1,48,6,6,12,0.8
Tanner Glass,glassta01,LW,134,527,24,45,69,-2.1
Howie Glover,gloveho01,RW,25,144,29,17,46,2.1
Pete Goegan,goegape01,D,7,383,19,67,86,23.3
Bill Goldsworthy,goldsbi01,RW,68,771,283,258,541,47.5
Leroy Goldsworthy,goldsle01,RW,44,336,66,57,123,11.9
Hank Goldup,golduha01,LW,102,202,63,80,143,11.1
Scott Gomez,gomezsc01,C,158,1079,181,575,756,69.2
Daniel Goneau,goneada01,LW,53,53,12,3,15,0.7
Bill Gooden,goodebi01,LW,53,53,9,12,21,-0.7
Jack Gordon,gordoja01,C,36,36,3,10,13,0.5
Benoit Gosselin,gossebe01,LW,7,7,0,0,0,-0.3
Michael Grabner,grabnmi01,RW,135,594,167,98,265,33.8
Evgeny Grachev,grachev01,C,8,34,1,3,4,-0.2
Tony Granato,granato01,RW,115,773,248,244,492,43.1
Norm Gratton,grattno01,LW,3,201,39,45,84,3.8
Alex Gray,grayal01,RW,43,50,7,1,8,0.7
Josh Green,greenjo01,LW,18,341,36,40,76,5.1
Mike Green,greenmi02,C,13,24,1,3,4,0.2
Jari Gronstrand,gronsja01,D,62,185,8,26,34,8.6
Michal Grosek,grosemi01,LW,80,526,84,137,221,19.7
Jocelyn Guevremont,guevrjo01,D,20,571,84,223,307,51.3
Aldo Guidolin,guidoal01,RW/D,182,182,9,15,24,-1.8
Alexei Gusarov,gusaral01,D,26,607,39,128,167,34.0
Libor Hajek,hajekli01,D,5,5,1,0,1,0.3
Micheal Haley,haleymi01,C,9,248,10,21,31,0.1
Adam Hall,hallad01,RW,49,682,69,87,156,5.3
Wayne Hall,hallwa01,LW,4,4,0,0,0,-0.1
Jeff Halpern,halpeje01,C,30,976,152,221,373,28.3
Al Hamilton,hamilal01,D,81,257,10,78,88,14.8
Ken Hammond,hammoke01,D,3,193,18,29,47,6.1
Ted Hampson,hampste01,C,184,677,108,245,353,20.9
Roman Hamrlik,hamrlro01,D,12,1395,155,483,638,114.9
John Hanna,hannajo01,D,177,198,6,26,32,9.3
Pat Hannigan,hannipa01,LW,109,182,30,39,69,3.6
Ron Harris,harriro01,D,147,475,20,91,111,23.9
Ed Harrison,harried01,C/LW,5,194,27,24,51,1.7
Mike Hartman,hartmmi01,LW,39,397,43,35,78,-1.4
Doug Harvey*,harvedo01,D,151,1113,88,452,540,123.2
Todd Harvey,harveto01,RW/C,68,671,91,132,223,18.3
Kevin Hatcher,hatchke01,D,74,1157,227,450,677,110.1
Gord Haworth,haworgo01,C,2,2,0,1,1,0.0
Paul Healey,healepa01,LW,4,77,6,14,20,1.8
Mark Heaslip,heaslma01,RW,48,117,10,19,29,-0.1
Randy Heath,heathra01,LW,13,13,2,4,6,0.2
Ilkka Heikkinen,heikkil01,D,7,7,0,0,0,0.2
Bill Heindl,heindbi01,LW,4,18,2,1,3,0.0
Barrett Heisten,heistba01,LW,10,10,0,0,0,-0.3
Raimo Helminen,helmira01,C,87,117,13,46,59,1.4
Obs Heximer,heximob01,LW/C,19,84,13,7,20,1.5
Bryan Hextall,hextabr02,C,21,549,99,161,260,11.5
Dennis Hextall,hextade01,LW,13,681,153,350,503,33.0
Bill Hicke,hickebi01,RW,137,729,168,234,402,30.1
Greg Hickey,hickegr01,LW,1,1,0,0,0,-0.1
Chris Higgins,higgich01,LW,55,711,165,168,333,32.7
Ike Hildebrand,hildeik01,RW,32,41,7,11,18,1.6
Jim Hiller,hilleji01,RW,2,63,8,12,20,0.5
Ken Hodge,hodgeke01,RW,96,880,328,472,800,75.8
Nick Holden,holdeni01,D,135,435,39,88,127,26.1
Bobby Holik,holikbo01,C,146,1314,326,421,747,72.1
Jerry Holland,hollaje01,LW,37,37,8,4,12,0.5
Peter Holland,hollape01,C,23,266,36,49,85,6.2
Greg Holst,holstgr01,C,11,11,0,0,0,-0.5
Miloslav Horava,horavmi01,D,80,80,5,17,22,5.4
Tim Horton*,hortoti01,D,93,1445,115,403,518,131.7
Bronco Horvath,horvabr01,C,114,434,141,185,326,29.8
Ed Hospodar,hospoed01,D,122,450,17,51,68,16.7
Marcel Hossa,hossama02,LW,164,237,31,30,61,4.3
Brett Howden,howdebr01,C,66,66,6,17,23,0.7
Vic Howe,howevi01,RW,33,33,3,4,7,-0.1
Ron Howell,howelro01,D/LW,3,3,0,0,0,-0.1
Marek Hrivik,hrivima01,LW,21,24,0,3,3,-0.1
Mike Hudson,hudsomi01,C/LW,48,416,49,87,136,3.1
Jody Hull,hulljo01,RW,50,831,124,137,261,15.2
Fred Hunt,huntfr01,RW,44,59,15,14,29,1.2
Matt Hunwick,hunwima01,D,55,535,25,94,119,22.6
Larry Huras,hurasla01,D,2,2,0,0,0,0.0
Mike Hurlbut,hurlbmi01,D,23,29,1,8,9,1.8
Ron Hutchinson,hutchro01,C,9,9,0,0,0,-0.3
Jarkko Immonen,immonja01,C,20,20,3,5,8,0.6
Ron Ingram,ingraro01,D,19,114,5,15,20,5.3
Ivan Irwin,irwiniv01,D,151,155,2,27,29,7.2
Brad Isbister,isbisbr01,LW,19,541,106,116,222,19.4
Don Jackson,jacksdo02,D,22,315,16,52,68,12.9
Jeff Jackson,jacksje01,LW,9,263,38,48,86,1.9
Jim Jamieson,jamieji01,D,1,1,0,1,1,0.1
Mark Janssens,janssma01,C,157,711,40,73,113,-7.9
Doug Jarrett,jarredo01,D,54,775,38,182,220,57.9
Pierre Jarry,jarrypi01,LW,34,344,88,117,205,13.8
Larry Jeffrey,jeffrla01,LW,122,368,39,62,101,1.4
Chris Jensen,jensech01,RW,52,73,9,12,21,0.1
Nicklas Jensen,jenseni01,LW,7,31,3,3,6,0.2
Joe Jerwa,jerwajo01,D,33,234,29,58,87,23.9
Andreas Johansson,johanan01,C,70,377,81,88,169,16.2
Don Johns,johnsdo01,D,148,153,2,21,23,5.1
Jim Johnson,johnsji01,C,8,302,75,111,186,14.5
Kim Johnsson,johnski01,D,151,739,67,217,284,58.8
Olli Jokinen,jokinol01,C,26,1231,321,429,750,71.7
Bob Jones,jonesbo01,LW,2,2,0,0,0,-0.1
Josh Jooris,joorijo01,C,12,213,23,32,55,3.7
Bing Juckes,juckebi01,LW,16,16,2,1,3,0.0
Bill Juzda,juzdabi01,D,187,398,14,54,68,26.9
Bob Kabel,kabelbo01,C,47,47,5,13,18,0.6
Alex Kaleta,kaletal01,LW,181,387,92,121,213,15.7
Dmitri Kalinin,kalindm01,D,58,539,36,126,162,32.0
Valeri Kamensky,kamenva01,LW,123,637,200,301,501,47.7
Steven Kampfer,kampfst01,D,32,201,13,19,32,6.9
Sheldon Kannegiesser,kannesh01,D,15,366,14,67,81,22.6
Dave Karpa,karpada01,D,94,557,18,80,98,21.4
Mike Keane,keanemi01,RW,70,1161,168,302,470,30.3
Mike Keating,keatimi01,LW,1,1,0,0,0,-0.1
Ralph Keller,kellera01,D,3,3,1,0,1,0.3
Chris Kenady,kenadch01,RW,2,7,0,2,2,0.0
Dean Kennedy,kennede01,D,16,717,26,110,136,26.9
Ernest Kenny,kennyer01,D,6,10,0,0,0,0.8
Tim Kerr,kerrti01,C/RW,32,655,370,304,674,58.2
Steven King,kingst01,RW,24,67,17,8,25,1.7
Bobby Kirk,kirkbo01,RW,39,39,4,8,12,0.7
Bob Kirkpatrick,kirkpbo01,C,49,49,12,12,24,0.4
Scot Kleinendorst,kleinsc01,D,53,281,12,46,58,14.3
Tomas Kloucek,kloucto01,D,95,141,2,8,10,1.2
Mike Knuble,knublmi01,RW,141,1068,278,270,548,60.4
Chad Kolarik,kolarch01,C,4,6,0,1,1,-0.1
Maxim Kondratiev,kondrma01,D,29,40,1,2,3,0.7
Chris Kontos,kontoch01,LW/C,78,230,54,69,123,6.5
Mike Korney,kornemi01,RW,18,77,9,10,19,-0.3
Lauri Korpikoski,korpila01,LW,68,609,86,115,201,14.8
Mike Kostka,kostkmi01,D,7,85,4,17,21,4.5
Ales Kotalik,kotalal01,RW,45,542,136,148,284,27.9
Dick Kotanen,kotandi01,D,1,1,0,0,0,0.0
Chris Kotsopoulos,kotsoch01,D,54,479,44,109,153,24.6
Stephen Kraftcheck*,kraftst01,D,127,156,11,18,29,7.7
Jason Krog,krogja01,C,9,202,22,37,59,5.1
Joe Krol,kroljo01,LW,2,26,10,4,14,1.2
Jim Krulicki,kruliji01,LW,27,41,0,3,3,-1.1
Aggie Kukulowicz,kukulag01,C,4,4,1,0,1,0.1
Stu Kulak,kulakst01,RW,3,90,8,4,12,-1.4
Alan Kuntz,kuntzal01,LW,45,45,10,12,22,1.3
Jari Kurri*,kurrija01,RW,14,1251,601,797,1398,117.4
Larry Kwong,kwongla01,RW,1,1,0,0,0,0.0
Bill Kyle,kylebi01,C,3,3,0,3,3,0.2
Gus Kyle,kylegu01,D,134,203,6,20,26,11.1
Nick Kypreos,kypreni01,LW,128,442,46,44,90,-1.0
Mike Labadie,labadmi01,RW,3,3,0,0,0,-0.1
Gord Labossiere,labosgo01,C,16,215,44,62,106,6.6
Max Labovitch,labovma01,RW,5,5,0,0,0,-0.3
Guy Labrie,labrigu01,D,27,42,4,9,13,1.5
Dan LaCouture,lacouda01,LW,83,337,20,25,45,-0.2
Daniel Lacroix,lacroda01,LW,30,188,11,7,18,-2.5
Eric Lacroix,lacroer01,LW,146,472,67,70,137,8.5
Nathan LaFayette,lafayna01,C,17,187,17,20,37,0.1
Guy Lafleur*,laflegu01,RW,67,1126,560,793,1353,130.5
Pat LaFontaine*,lafonpa01,C,67,865,468,545,1013,92.8
Jason Lafreniere,lafreja01,C,38,146,34,53,87,4.9
Lane Lambert,lambela01,RW,18,283,58,66,124,5.5
Jean-Paul Lamirande,lamirje01,LW/D,48,49,5,5,10,-0.1
Bryce Lampman,lampmbr01,D,10,10,0,0,0,-0.3
Jack Lancien,lancija01,D,63,63,1,5,6,3.0
Myles Lane,lanemy01,D,24,71,4,1,5,5.9
Albert Langlois,langlal01,D,173,498,21,91,112,31.6
Ian Laperriere,laperia01,RW,28,1083,121,215,336,18.2
Steve Larmer,larmest01,RW,115,1006,441,571,1012,88.0
Claude Larose,laroscl02,LW,25,25,4,7,11,0.3
Cory Larose,larosco01,C,7,7,0,1,1,-0.1
Steve Larouche,laroust01,C,1,26,9,9,18,1.8
Norm Larson,larsono01,RW,1,89,25,18,43,2.7
James Latos,latosja01,RW,1,1,0,0,0,-0.1
Phil Latreille,latreph01,C/RW,4,4,0,0,0,-0.1
Peter Laviolette,laviope01,D,12,12,0,0,0,0.4
Brian Lawton,lawtobr01,LW,30,483,112,154,266,14.5
Hal Laycoe,laycoha01,D,75,530,25,77,102,36.0
Jim Leavins,leaviji01,D,4,41,2,12,14,1.1
Al LeBrun,lebrual01,D,6,6,0,2,2,0.3
Albert Leduc,leducal01,D,7,383,57,36,93,49.9
Grant Ledyard,ledyagr01,D,69,1028,90,276,366,63.2
Roger Leger,legerro01,D,7,187,18,53,71,19.9
Randy Legge,leggera01,D,12,12,0,2,2,0.5
Mikko Leinonen,leinomi01,C,159,162,31,78,109,5.7
Brendan Lemieux,lemiebr01,LW,19,72,13,5,18,2.3
Real Lemieux,lemiere01,LW,63,457,51,104,155,3.7
Vinni Lettieri,lettivi01,C,46,46,2,6,8,-0.5
Joe Levandoski,levanjo01,RW,8,8,1,1,2,0.0
Alex Levinsky,levinal01,D,20,367,19,49,68,27.4
Dale Lewis,lewisda01,LW,8,8,0,0,0,-0.3
Igor Liba,libaig01,LW,10,37,7,18,25,1.1
Doug Lidster,lidstdo01,D,177,897,75,268,343,55.5
David Liffiton,liffida01,D,3,7,1,0,1,0.6
Oscar Lindberg,lindbos02,C,134,252,39,40,79,7.8
Johan Lindbom,lindbjo01,LW,38,38,1,3,4,-0.2
Ryan Lindgren,lindgry01,D,5,5,0,0,0,-0.4
Eric Lindros*,lindrer01,C,192,760,372,493,865,101.6
Richard Lintner,lintnri01,D,10,112,8,12,20,3.9
Enver Lisin,lisinen01,RW,57,135,24,18,42,2.6
Bill Lochead,lochebi01,LW,7,330,69,62,131,6.2
Corey Locke,lockeco01,C,3,9,0,1,1,0.0
Troy Loney,loneytr01,LW,4,624,87,110,197,3.7
Jim Lorentz,lorenji01,C/RW,5,659,161,238,399,28.2
Odie Lowe,loweod01,C,3,3,1,1,2,0.2
Don Luce,lucedo01,C,21,894,225,328,553,44.1
Pentti Lund,lundpe01,RW,182,259,44,55,99,7.0
Jamie Lundmark,lundmja01,C,114,295,40,59,99,6.6
Roman Lyashenko,lyashro01,C,17,139,14,9,23,1.4
Vic Lynn,lynnvi01,LW/D,1,327,49,76,125,20.5
Jason MacDonald,macdoja01,RW,4,4,0,0,0,-0.1
Kilby MacDonald,macdoki01,LW,152,152,36,34,70,4.7
Parker MacDonald,macdopa01,C,119,676,144,179,323,23.5
Hub Macey,maceyhu01,LW,18,30,6,9,15,0.7
Ian MacIntosh,macinia01,RW,4,4,0,0,0,-0.2
Norm Maciver,macivno01,D,67,501,55,230,285,36.0
Bill MacKenzie,mackebi01,D,20,233,11,10,21,13.7
Reg Mackey,mackere01,D,41,41,0,0,0,3.2
John MacLean,maclejo01,RW,161,1194,413,429,842,74.3
Brian MacLellan,maclebr01,LW,51,606,172,241,413,24.1
Bob MacMillan,macmibo01,RW,22,752,228,349,577,42.0
Al MacNeil,macneal01,D,58,524,17,75,92,36.2
Craig MacTavish,mactacr01,C,12,1093,213,267,480,22.3
John Mahaffy,mahafjo01,C,28,37,11,25,36,1.6
Marek Malik,malikma01,D,185,691,33,135,168,47.2
Troy Mallette,malletr01,LW,150,456,51,68,119,1.5
Ryan Malone,malonry01,LW,6,647,179,191,370,36.0
Gus Mancuso,mancugu01,RW,21,47,7,9,16,-0.2
Mike Maneluk,manelmi01,LW,4,85,11,10,21,1.5
Jack Mann,mannja01,C,9,9,3,4,7,0.4
Ray Manson,mansora01,LW,1,2,0,1,1,0.0
Paul Mara,marapa01,D,156,734,64,189,253,41.3
Bud Maracle,maracbu01,LW,11,11,1,3,4,0.3
Todd Marchant,marchto01,C,1,1195,186,312,498,36.2
Dave Marcinyshyn,marcida01,D,2,16,0,1,1,0.3
Ray Markham,markhra01,C,14,14,1,1,2,-0.3
Mario Marois,maroima01,D,166,956,76,357,433,64.1
Gilles Marotte,marotgi01,D,180,808,56,265,321,53.2
Bert Marshall,marshbe01,D,8,868,17,181,198,51.3
Clare Martin,marticl01,D,15,237,12,28,40,16.4
Brandon Mashinter,mashibr01,LW,10,64,4,1,5,-0.3
Charley Mason,masonch01,RW,74,93,7,18,25,0.5
Stephane Matteau,mattest01,LW,85,848,144,172,316,24.4
Brad Maxwell,maxwebr02,D,9,613,98,270,368,49.0
Jim Mayer,mayerji01,RW,4,4,0,0,0,-0.1
Sam McAdam,mcadasa01,C/LW,5,5,0,0,0,-0.2
Chris McAllister,mcallch01,D,12,301,4,17,21,2.3
Bryan McCabe,mccabbr01,D,19,1135,145,383,528,97.9
Dunc McCallum,mccaldu01,D,2,187,14,35,49,10.5
Dan McCarthy,mccarda01,C,5,5,4,0,4,0.5
Rob McClanahan,mcclaro01,C,141,224,38,63,101,3.7
Shawn McCosh,mccossh01,C,5,9,1,0,1,0.0
Bill McCreary,mccrebi01,LW,10,309,53,62,115,7.6
Bill McDonagh,mcdonbi01,LW,4,4,0,0,0,-0.1
Bucko McDonald,mcdonbu01,D,79,446,35,88,123,35.9
Jack McDonald,mcdonja02,RW,43,43,10,9,19,-0.2
Robert McDonald,mcdonro01,RW,1,1,0,0,0,-0.1
Mike McDougal,mcdoumi01,RW,3,61,8,10,18,-0.4
Sandy McGregor,mcgresa01,RW,2,2,0,0,0,-0.1
Dylan McIlrath,mcilrdy01,D,38,50,3,2,5,1.8
John McIntyre,mcintjo01,C,11,351,24,54,78,-2.6
Tony McKegney,mckegto01,LW,64,912,320,319,639,45.3
Steve McKenna,mckenst01,LW,54,373,18,14,32,-1.2
Don McKenney,mckendo01,C,76,798,237,345,582,52.7
John McKenzie,mckenjo01,RW,35,692,206,268,474,41.2
Cody McLeod,mcleoco01,LW,56,776,72,55,127,6.0
Jackie McLeod,mcleoja01,RW,106,106,14,23,37,1.9
Mike McMahon,mcmahmi02,D,61,224,15,68,83,15.8
George McPhee,mcphege01,LW,109,115,24,25,49,2.2
Adam McQuaid,mcquaad01,D,36,512,16,57,73,21.3
Brian McReynolds,mcreybr01,C,1,30,1,5,6,-0.4
Marty McSorley,mcsorma01,D/RW,9,961,108,251,359,46.5
Jayson Megna,megnaja01,C,6,113,10,10,20,1.1
Dick Meissner,meissdi01,RW,36,171,11,15,26,-3.0
Larry Melnyk,melnyla01,D,133,432,11,63,74,17.9
Jan Mertzig,mertzja01,D,23,23,0,2,2,0.2
Joby Messier,messijo01,D,25,25,0,4,4,1.2
Larry Mickey,mickela01,RW,19,292,39,53,92,2.1
Rick Middleton,middlri01,RW,124,1005,448,540,988,82.9
Jim Mikol,mikolji01,LW/D,30,34,1,4,5,-0.3
Hib Milks,milkshi01,LW/C,48,317,88,41,129,24.3
Corey Millen,milleco01,C,19,335,90,119,209,16.9
Kelly Miller,milleke01,LW,117,1057,181,282,463,27.7
Kevin Miller,milleke02,C,103,620,150,185,335,24.8
Warren Miller,millewa01,RW,55,262,40,50,90,0.9
Boris Mironov,mironbo01,D,111,716,76,231,307,50.7
John Mitchell,mitchjo01,C,63,548,70,107,177,12.0
Lloyd Mohns,mohnsll01,D,1,1,0,0,0,0.0
Randy Moller,mollera01,D,164,815,45,180,225,47.5
Larry Molyneaux,molynla01,D,45,45,0,1,1,2.8
Sergio Momesso,momesse01,LW,28,710,152,193,345,20.7
Hartland Monahan,monahha01,RW,6,334,61,80,141,4.6
Greg Moore,mooregr01,RW,6,10,0,0,0,-0.2
John Moore,moorejo01,D,125,508,36,76,112,24.0
Jay More,moreja01,D,15,406,18,54,72,14.0
Howie Morenz*,morenho01,C,18,550,271,205,476,100.8
Derek Morris,morride01,D,18,1107,92,332,424,74.6
Moe Morris,morrimo01,D,18,135,14,29,43,11.2
Jim Morrison,morriji01,D,19,704,40,161,201,52.6
Mark Morrison,morrima01,C,10,10,1,1,2,-0.2
Mike Mottau,mottami01,D,19,321,7,51,58,12.4
Chris Mueller,muellch01,C,7,53,3,7,10,0.2
Mike Murphy,murphmi01,RW,31,831,238,318,556,41.1
Garth Murray,murraga01,C,20,116,8,2,10,-0.7
Rem Murray,murrare01,C/LW,43,560,94,121,215,17.8
Vic Myles,mylesvi01,D,45,45,6,8,14,1.7
Vladislav Namestnikov,namesvl01,C,97,360,66,92,158,15.3
Markus Naslund,nasluma02,LW,82,1117,395,474,869,95.5
Rumun Ndur,ndurru01,D,31,69,2,3,5,0.4
Stan Neckar,neckast01,D,18,510,12,41,53,15.0
Vaclav Nedomansky*,nedomva01,RW,34,420,121,156,277,17.4
Steve Nemeth,nemetst01,C,12,12,2,0,2,-0.1
Lance Nethery,nethela01,C,38,41,11,14,25,1.3
Kris Newbury,newbukr01,C,24,76,4,6,10,0.5
Dan Newman,newmada01,LW,100,126,17,24,41,0.8
Bernie Nicholls,nichobe01,C,104,1127,475,734,1209,96.8
Graeme Nicolson,nicolgr01,D,10,52,2,7,9,1.7
Jeff Nielsen,nielsje01,RW,2,252,20,27,47,1.2
Ville Nieminen,niemivi01,LW,48,385,48,69,117,8.4
Boo Nieves,nievecr01,C,72,72,5,14,19,1.4
Chris Nilan,nilanch01,RW,85,688,110,115,225,6.4
Ulf Nilsson,nilssul01,C,170,170,57,112,169,12.9
Brian Noonan,noonabr01,RW,101,629,116,159,275,16.3
Mattias Norstrom,norstma01,D,43,903,18,147,165,40.1
Lawrence Nycholat,nychola01,D,9,50,2,7,9,1.4
Michael Nylander,nylanmi01,C,160,920,209,470,679,65.0
Rob O'Gara,ogararo01,D,22,33,0,3,3,0.4
Russell Oatman,oatmaru01,LW,27,120,20,9,29,5.2
Ed Olczyk,olczyed01,C,103,1031,342,452,794,60.5
David Oliver,oliveda01,RW,14,233,49,49,98,7.7
Krzysztof Oliwa,oliwakr01,LW,9,410,17,28,45,0.7
Jed Ortmeyer,ortmeje01,C,177,345,22,31,53,0.4
Sandis Ozolinsh,ozolisa01,D,40,875,167,397,564,91.8
Wilf Paiement,paiemwi01,RW,8,946,356,458,814,59.5
Daniel Paille,paillda01,LW,12,582,85,87,172,15.6
Aldo Palazzari,palazal01,RW,11,35,8,3,11,-0.3
P.A. Parenteau,parenpi01,LW,22,491,114,182,296,30.2
Joe Paterson,paterjo01,LW,41,291,19,37,56,-3.1
Larry Patey,pateyla01,C,16,717,153,163,316,14.5
Lester Patrick*,patrile01,D,1,1,0,0,0,0.1
Muzz Patrick,patrimu01,D,164,164,5,26,31,13.4
Steve Patrick,patrist01,RW,71,250,40,68,108,3.8
Jim Pavese,pavesji01,D,14,328,13,44,57,12.2
Mel Pearson,pearsme01,LW,36,38,2,6,8,-0.4
Fern Perreault,perrefe01,LW,3,3,0,0,0,-0.1
Frank Peters,peterfr01,D,43,43,0,0,0,3.1
Garry Peters,peterga01,C,63,311,34,34,68,-1.3
Michel Petit,petitmi01,D,133,827,90,238,328,45.8
Ronald Petrovicky,petroro02,RW,66,342,41,51,92,5.9
Gord Pettinger,pettigo01,C,34,292,42,72,114,11.2
Dave Pichette,picheda01,D,6,322,41,140,181,22.6
Rich Pilon,pilonri01,D,114,631,8,69,77,19.5
Neal Pionk,pionkne01,D,101,101,7,33,40,5.5
Brandon Pirri,pirribr01,C,60,259,72,47,119,15.3
Ales Pisa,pisaal01,D,3,53,1,3,4,2.1
Bob Plager,plagebo01,D,29,645,20,126,146,40.1
Pierre Plante,plantpi01,RW,70,599,125,172,297,16.9
Thomas Pock,pockth01,D,59,118,8,9,17,2.2
Walt Poddubny,podduwa01,LW,152,468,184,238,422,32.3
Rudy Poeschek,poescru01,RW/D,68,364,6,25,31,6.0
Bud Poile*,poilebu01,RW,28,311,107,122,229,22.2
John Polich,policjo01,RW,3,3,0,1,1,0.0
Peter Popovic,popovpe01,D,68,485,10,63,73,18.5
Corey Potter,potteco01,D,8,130,8,24,32,5.9
Benoit Pouliot,poulibe01,LW,80,625,130,133,263,30.9
Darroll Powe,poweda01,C,35,329,28,28,56,0.8
Wayne Presley,preslwa01,RW,61,684,155,147,302,16.9
Noel Price,priceno01,D,8,500,14,114,128,29.4
Pat Price,pricepa01,D,13,726,43,218,261,46.8
Sean Pronger,prongse01,C,14,260,23,36,59,1.4
Vinny Prospal,prospva01,C,104,1108,255,510,765,74.5
Brandon Prust,prustbr01,LW,190,486,40,75,115,8.6
Matt Puempel,puempma01,LW,27,87,11,5,16,1.0
Dale Purinton,purinda01,D,181,181,4,16,20,3.5
Jamie Pushor,pushoja01,D,7,521,14,46,60,17.4
Jean Pusie,pusieje01,D,19,65,1,4,5,3.5
Taylor Pyatt,pyattta01,LW,70,859,140,140,280,24.8
Leo Quenneville,quennle01,LW/C,25,25,0,3,3,-0.7
Stephane Quintal,quintst01,D,75,1037,63,180,243,50.5
Karel Rachunek,rachuka01,D,78,371,22,118,140,28.0
Mel Read,readme01,C,6,6,0,0,0,-0.2
Wade Redden,reddewa01,D,156,1023,109,348,457,95.0
Bill Regan,reganbi01,D,51,66,3,2,5,5.0
Ollie Reinikka,reiniol01,C/RW,16,16,0,0,0,-0.6
Leo Reise,reisele02,D,131,494,28,81,109,37.3
Leo Reise,reisele01,D,14,223,39,35,74,21.6
Erik Reitz,reitzer01,D,11,48,1,1,2,0.6
Pascal Rheaume,rheaupa01,C,17,318,39,52,91,6.6
Steven Rice,ricest01,RW,11,329,64,61,125,7.4
Dave Richardson,richada01,LW,41,45,3,2,5,-0.9
Steve Richmond,richmst01,D,77,159,4,23,27,4.5
Barry Richter,richtba01,D,4,151,11,34,45,8.1
Mike Ridley,ridlemi01,C,118,866,292,466,758,60.6
Vic Ripley,riplevi01,LW,38,280,51,49,100,11.9
Patrick Rissmiller,rissmpa01,LW,2,192,18,28,46,2.8
Alex Ritson,ritsoal01,C,1,1,0,0,0,0.0
Wayne Rivers,riverwa01,RW,4,108,15,30,45,2.0
Bert Robertsson,roberbe01,D,2,123,4,10,14,1.2
Doug Robinson,robindo01,LW,73,240,44,67,111,6.6
Luc Robitaille*,robitlu01,LW,146,1431,668,726,1394,138.6
Mike Robitaille,robitmi01,D,15,382,23,105,128,26.5
Leon Rochefort,rochele01,RW,24,617,121,147,268,16.1
Normand Rochefort,rocheno01,D,112,598,39,119,158,35.4
Eddie Rodden,roddeed01,C,19,90,6,14,20,0.7
Len Ronson,ronsole01,LW,13,18,2,1,3,-0.3
Jim Ross,rossji01,D,62,62,2,11,13,2.9
Ron Rowe,rowero01,C/LW,5,5,1,0,1,0.0
Jean-Yves Roy,royje01,RW,3,61,12,16,28,2.0
Steve Rucchin,rucchst01,C,72,735,171,318,489,46.1
Martin Rucinsky,rucinma01,LW,136,961,241,371,612,57.3
Lindy Ruff,ruffli01,D/LW,83,691,105,195,300,24.2
Duane Rupp,ruppdu01,D,2,374,24,93,117,26.2
Mike Rupp,ruppmi01,C,68,610,54,45,99,6.5
Church Russell,russech01,LW/C,90,90,20,16,36,2.4
Simo Saarinen,saarisi01,D,8,8,0,0,0,0.0
Larry Sacharuk,sachala01,D,75,151,29,33,62,10.2
Kjell Samuelsson,samuekj01,D,39,813,48,138,186,49.2
Mikael Samuelsson,samuemi01,RW,125,699,149,197,346,35.7
Derek Sanderson,sandede01,C,83,598,202,250,452,40.9
Charlie Sands,sandsch01,C/RW,9,429,99,112,211,20.8
Bobby Sanguinetti,sangubo01,D,5,45,2,4,6,0.8
Glen Sather*,sathegl01,LW,186,658,80,113,193,3.4
Michael Sauer,sauermi01,D,98,98,4,14,18,6.8
Marc Savard,savarma01,C,98,807,207,499,706,67.7
Chuck Scherza,scherch01,LW/C,27,36,6,6,12,-0.3
Mathieu Schneider,schnema01,D,155,1289,223,520,743,132.8
John Scott,scottjo01,LW,6,286,5,6,11,0.9
Laurie Scott,scottla01,LW/C,23,62,6,3,9,0.2
Richard Scott,scottri01,LW,10,10,0,0,0,-0.1
Brandon Segal,segalbr01,RW,1,103,11,11,22,2.1
George Senick,senicge01,LW,13,13,2,3,5,0.3
Pierre Sevigny,sevigpi01,LW,3,78,4,5,9,-0.9
Eddie Shack,shacked01,LW,141,1047,239,226,465,30.7
Joe Shack,shackjo01,LW,70,70,9,27,36,0.4
Brendan Shanahan*,shanabr01,LW,140,1524,656,698,1354,148.0
Kevin Shattenkirk,shattke01,D,119,609,75,274,349,59.1
Jody Shelley,shelljo01,LW,21,627,18,36,54,0.0
James Sheppard,sheppja01,C,14,394,23,68,91,3.0
Ray Sheppard,sheppra01,RW,59,817,357,300,657,64.4
Fred Shero*,sherofr01,D,145,145,6,14,20,8.1
Babe Siebert*,siebeba01,LW/D,56,594,140,154,294,47.0
Mike Siklenka,siklemi01,RW,1,2,0,0,0,0.0
Dave Silk,silkda01,RW,141,249,54,59,113,4.6
Mike Siltala,siltami01,RW,4,7,1,0,1,0.0
Chris Simon,simonch01,LW,65,782,144,161,305,28.6
Reg Sinclair,sinclre01,RW/C,139,208,49,43,92,8.9
Fredrik Sjostrom,sjostfr01,RW,97,489,46,58,104,4.2
Brian Skrudland,skrudbr01,C,59,881,124,219,343,19.8
Brendan Smith,smithbr05,D,125,416,21,71,92,19.1
Dallas Smith,smithda01,D,29,889,55,252,307,69.8
Don Smith,smithdo02,LW/C,10,10,1,1,2,0.0
Floyd Smith,smithfl01,RW,29,617,129,178,307,22.1
Geoff Smith,smithge01,D,19,462,18,73,91,20.8
Stan Smith,smithst01,C,9,9,2,1,3,0.2
Peter Smrek,smrekpe01,D,22,28,2,4,6,0.6
Brad Smyth,smythbr01,RW,5,88,15,13,28,1.6
Art Somers,somerar01,C,145,222,33,56,89,8.0
Glen Sonmor,sonmogl01,LW,28,28,2,0,2,-0.5
Irv Spencer,spencir01,D,131,230,12,38,50,10.4
Ryan Spooner,spoonry01,C,36,325,48,119,167,15.2
Ryan Sproul,sproury01,D,16,44,2,10,12,1.1
Martin St. Louis*,stlouma01,RW,93,1134,391,642,1033,114.8
Eric Staal,staaler01,C,20,1174,417,557,974,109.3
Viktor Stalberg,stalbvi01,LW,75,488,82,86,168,16.4
Al Staley,staleal01,C,1,1,0,1,1,0.1
Wally Stanowski,stanowa01,D,146,428,23,88,111,34.3
Harold Starr,starrha01,D,49,206,5,4,9,8.9
Bud Stefanski,stefabu01,C,1,1,0,0,0,-0.1
Lee Stempniak,stemple01,RW,53,911,203,266,469,47.5
Ulf Sterner,sternul01,LW,4,4,0,0,0,-0.1
Gaye Stewart,stewaga01,LW,87,502,185,159,344,34.3
P.J. Stock,stockpj01,C,54,235,5,21,26,0.0
Jack Stoddard,stoddja01,RW,80,80,16,15,31,2.3
Jarret Stoll,stollja01,C,29,872,144,244,388,34.1
Blaine Stoughton,stougbl01,RW,14,526,258,191,449,34.9
Neil Strain,straine01,LW/C,52,52,11,13,24,2.1
Anton Stralman,stralan01,D,182,749,47,195,242,48.8
Art Stratton,stratar01,C/LW,18,95,18,33,51,3.4
Art Strobel,strobar01,LW,7,7,0,0,0,-0.4
Ryan Strome,stromry01,C,63,421,77,118,195,18.4
Jason Strudwick,strudja01,D,125,674,13,42,55,9.6
Doug Sulliman,sullido01,RW,63,631,160,168,328,15.2
Chris Summers,summech01,D,6,70,2,7,9,0.1
Ronnie Sundin,sundiro01,D,1,1,0,0,0,0.0
Bill Sweeney,sweenbi01,C,4,4,1,0,1,0.1
Tim Sweeney,sweenti01,LW,56,291,55,83,138,10.3
Petr Sykora,sykorpe01,RW,40,1017,323,398,721,82.9
Jeff Taffe,taffeje01,C,2,180,21,25,46,3.1
Ron Talakoski,talakro01,RW,9,9,0,1,1,-0.1
Chris Tamer,tamerch01,D,52,644,21,64,85,15.3
Spence Tatchell,tatchsp01,D,1,1,0,0,0,0.0
Billy Taylor,taylobi02,C,2,2,0,0,0,-0.1
Billy Taylor,taylobi01,C,2,321,87,179,266,23.1
Ralph Taylor,taylora01,D,22,102,4,1,5,-4.2
Ted Taylor,taylote01,LW,8,166,23,35,58,1.5
Tim Taylor,tayloti01,C,114,746,73,94,167,5.2
Christian Thomas,thomach01,RW,1,27,1,2,3,0.0
Fred Thurier,thurifr01,C,50,80,25,27,52,3.2
Billy Tibbetts,tibbebi01,RW,11,82,2,8,10,-1.0
Esa Tikkanen,tikkaes01,LW,144,877,244,386,630,46.7
Mark Tinordi,tinorma01,D,24,663,52,148,200,44.9
Jeff Toms,tomsje01,C,53,236,22,33,55,2.1
Zellio Toppazzini,toppaze01,RW,71,123,21,21,42,2.6
Wes Trainor,trainwe01,C/LW,17,17,1,2,3,-0.2
John Tripp,trippjo01,RW,9,43,2,7,9,0.5
Guy Trottier,trottgu01,RW,2,115,28,17,45,2.6
Rene Trudell,trudere01,RW,129,129,24,28,52,3.0
Dean Turner,turnede01,D,1,35,1,0,1,1.2
Norm Tustin,tustino01,LW,18,18,2,4,6,0.1
Tony Tuzzolino,tuzzoto01,RW,6,9,0,0,0,-0.2
Igor Ulanov,ulanoig01,D,39,739,27,135,162,37.3
Jeff Ulmer,ulmerje01,RW,21,21,3,0,3,-0.1
Layne Ulmer,ulmerla01,C,1,1,0,0,0,-0.1
Sparky Vail,vailsp01,D/LW,50,50,4,1,5,4.1
Darren Van Impe,vanimda01,D,17,411,25,90,115,22.4
Ryan VandenBussche,vandery01,RW,27,310,10,10,20,-2.0
Alexei Vasiliev,vasilal02,D,1,1,0,0,0,-0.1
Pat Verbeek,verbepa01,RW,88,1424,522,540,1062,94.7
Dennis Vial,vialde01,D/LW,21,242,4,15,19,5.5
Terry Virtue,virtute01,D,1,5,0,0,0,0.1
Vladimir Vorobiev,vorobvl01,LW,31,33,9,7,16,1.4
Aaron Voros,vorosaa01,C,95,162,18,19,37,2.7
Carl Voss*,vossca01,C,10,264,34,71,105,7.5
Frank Waite,waitefr01,C,17,17,1,3,4,0.1
Gord Walker,walkego01,RW,19,31,3,4,7,-0.3
Peter Wallin,wallipe01,RW,52,52,3,14,17,-0.1
Aaron Ward,wardaa01,D,60,839,44,107,151,34.0
Dixon Ward,warddi01,RW,8,537,95,129,224,17.2
Jason Ward,wardja01,RW,127,336,36,45,81,4.2
Eddie Wares,waresed01,D/RW,2,324,60,102,162,13.4
Billy Warwick,warwibi01,LW,14,14,3,3,6,-0.1
Chick Webster,webstjo01,C,14,14,0,0,0,-0.5
Doug Weight,weighdo01,C,118,1238,278,755,1033,89.9
Dale Weise,weiseda01,RW,10,490,54,66,120,10.6
Jay Wells,wellsja01,D,186,1098,47,216,263,50.2
Len Wharton,whartle01,D,1,1,0,0,0,0.0
Simon Wheeldon,wheelsi01,C,11,15,0,2,2,-0.2
Rob Whistle,whistro01,D,32,51,7,5,12,3.1
Sherman White,whitesh01,C,4,4,0,2,2,0.1
Todd White,whiteto02,C,18,653,141,240,381,37.3
Trent Whitfield,whitftr01,C,1,194,11,18,29,0.8
Doug Wickenheiser,wickedo01,C,1,556,111,165,276,13.9
Juha Widing,widinju01,C,44,574,144,226,370,26.0
Jim Wiemer,wiemeji01,D,29,325,29,72,101,21.6
David Wilkie,wilkida01,D,1,167,10,26,36,3.2
Jeremy Williams,willije01,RW,1,32,9,2,11,1.5
Tom Williams,willito02,LW,25,397,115,138,253,19.5
Bert Wilson,wilsobe01,LW,66,478,37,44,81,-5.2
Carey Wilson,wilsoca01,C,82,552,169,258,427,28.5
Johnny Wilson,wilsojo01,LW,96,688,161,171,332,30.5
Mike Wilson,wilsomi02,D,1,336,16,41,57,17.7
Chad Wiseman,wisemch01,LW,5,9,1,1,2,0.1
Johan Witehall,witehjo01,LW,28,54,2,5,7,-0.1
Wojtek Wolski,wolskwo01,LW,46,451,99,168,267,26.8
Robert Wood,woodro01,D,1,1,0,0,0,0.0
Jeff Woywitka,woywije01,D,27,278,9,46,55,11.8
Bill Wylie,wyliebi01,C,1,1,0,0,0,0.0
Keith Yandle,yandlke01,D,103,907,94,434,528,81.9
Harry York,yorkha01,C,7,244,29,46,75,4.1
Tom Younghans,youngto01,RW,47,429,44,41,85,-2.4
Rob Zamuner,zamunro01,LW,9,798,139,172,311,23.3
Joe Zanussi,zanusjo01,D,8,87,1,13,14,4.0
Nikolai Zherdev,zherdni01,W,82,421,115,146,261,27.1
Sergei Zubov*,zubovse01,D,165,1068,152,619,771,136.8
