Frederik Andersen,anderfr01,G,192,317,0,0,184,60.4
Jean-Sebastien Aubin,aubinje01,G,31,218,0,0,80,29.3
Tom Barrasso,barrato01,G,4,777,0,0,369,127.8
Baz Bastien,bastiba01,G,5,5,0,0,0,0.6
Don Beaupre,beaupdo01,G,11,666,0,0,268,101.3
Ed Belfour,belfoed01,G,170,963,0,0,484,157.3
Gordie Bell,bellgo01,G,8,8,0,0,3,1.0
Tim Bernhardt,bernhti01,G,61,67,0,0,17,9.4
Jonathan Bernier,bernijo01,G,151,324,0,0,137,54.9
Antoine Bibeau,bibeaan01,G,2,2,0,0,1,0.4
Paul Bibeault,bibeapa01,G,29,215,0,0,81,31.0
Art Brooks,brookar01,G,4,4,0,0,2,0.4
Sebastien Centomo,centose01,G,1,1,0,0,0,-0.1
Ed Chadwick,chadwed01,G,180,184,0,0,57,26.9
Gerry Cheevers,cheevge01,G,2,418,0,0,227,74.5
King Clancy,clancki01,D,1,592,137,150,287,104.1
Scott Clemmensen,clemmsc01,G,3,191,0,0,73,26.4
Charlie Conacher,conacch01,RW,3,461,224,172,396,66.5
Marcel Cousineau,cousima01,G,15,26,0,0,4,2.6
Jiri Crha,crhaji01,G,69,69,0,0,28,9.4
Bruce Dowie,dowiebr01,G,2,2,0,0,0,0.3
Don Edwards,edwardo01,G,38,459,0,0,208,85.0
Marv Edwards,edwarma01,G,25,61,0,0,15,5.8
Jhonas Enroth,enrotjh01,G,6,153,0,0,50,24.0
Doug Favell,faveldo01,G,74,373,0,0,124,55.9
Jake Forbes,forbeja01,G,25,210,0,0,85,29.4
Grant Fuhr,fuhrgr01,G,95,868,0,0,403,128.6
Martin Gerber,gerbema01,G,12,229,0,0,113,41.7
Jean-Sebastien Giguere,gigueje01,G,48,597,0,0,262,107.6
Benny Grant,grantbe01,G,40,53,0,0,18,5.0
Jonas Gustavsson,gustajo01,G,107,179,0,0,72,21.7
George Hainsworth,hainsge01,G,147,465,0,0,246,94.2
Pierre Hamel,hamelpi01,G,5,69,0,0,13,6.3
Paul Harrison,harripa01,G,55,109,0,0,28,10.0
Glenn Healy,healygl01,G,65,437,0,0,166,62.6
Sammy Hebert,hebersa01,G,2,4,0,0,2,0.0
Hap Holmes,holmeha01,G,18,103,0,0,39,15.7
Red Horner,hornere01,D,2,490,42,110,152,51.2
Michael Hutchinson,hutchmi01,G,5,111,0,0,46,15.0
Peter Ing,ingpe01,G,59,74,0,0,20,10.4
Joe Ironstone,ironsjo01,G,1,2,0,0,0,0.4
Eddie Johnston,johnsed01,G,26,592,0,0,236,81.2
Trevor Kidd,kiddtr01,G,34,387,0,0,140,56.2
Mark LaForest,laforma01,G,27,103,0,0,25,12.1
Michel Larocque,larocmi01,G,74,312,0,0,160,53.7
Alex Levinsky,levinal01,D,1,367,19,49,68,27.4
Bert Lindsay,lindsbe01,G,16,20,0,0,6,1.3
Howard Lockhart,lockhho01,G,8,59,0,0,16,4.2
Ron Low,lowro01,G,42,382,0,0,102,33.4
Joey MacDonald,macdojo01,G,6,133,0,0,44,19.2
Drew MacIntyre,macindr01,G,2,6,0,0,0,0.6
Cesare Maniago,maniace01,G,7,568,0,0,190,80.9
Jean Marois,maroije01,G,1,3,0,0,1,-0.2
Gilles Mayer,mayergi01,G,9,9,0,0,2,1.3
Frank McCool,mccoofr01,G,72,72,0,0,33,13.1
Curtis McElhinney,mcelhcu01,G,32,219,0,0,82,31.6
Murray McLachlan,mclacmu01,G,2,2,0,0,0,-0.2
Gerry McNamara,mcnamge02,G,7,7,0,0,2,1.1
Gord McRae,mcraego01,G,71,71,0,0,30,9.4
Mike Mitchell,mitchiv01,G,22,22,0,0,10,3.8
Bernie Parent,parenbe01,G,65,608,0,0,271,124.9
Bob Parent,parenbo01,G,3,3,0,0,0,0.1
Calvin Pickard,pickaca01,G,1,104,0,0,32,15.5
Jacques Plante,plantja01,G,106,837,0,0,437,173.7
Justin Pogge,poggeju01,G,7,7,0,0,1,-0.2
Daren Puppa,puppada01,G,8,429,0,0,179,69.3
Andrew Raycroft,raycran01,G,91,280,0,0,113,38.6
Jeff Reese,reeseje01,G,76,174,0,0,53,19.9
Damian Rhodes,rhodeda01,G,47,309,0,0,99,42.5
Curt Ridley,ridlecu01,G,6,104,0,0,27,10.6
Al Rollins,rollial01,G,112,430,0,0,140,58.1
Jim Rutherford,rutheji01,G,18,457,0,0,151,58.8
Jussi Rynnas,rynnaju01,G,3,5,0,0,0,-0.2
Terry Sawchuk,sawchte01,G,91,971,0,0,445,179.0
Corey Schwab,schwaco01,G,30,147,0,0,42,16.5
Ben Scrivens,scrivbe01,G,32,144,0,0,47,20.5
Don Simmons,simmodo01,G,58,249,0,0,100,39.0
Al Smith,smithal03,G,10,231,0,0,73,30.4
Gary Smith,smithga01,G,5,531,0,0,174,69.8
Garret Sparks,sparkga01,G,37,37,0,0,14,4.3
Rick St. Croix,stcrori01,G,49,131,0,0,49,21.4
Phil Stein,steinph01,G,1,1,0,0,0,0.3
Mikael Tellqvist,tellqmi01,G,40,113,0,0,45,15.3
Wayne Thomas,thomawa01,G,97,243,0,0,103,37.4
Vesa Toskala,toskave01,G,145,266,0,0,129,38.0
Vincent Tremblay,trembvi01,G,54,58,0,0,12,4.7
Rick Wamsley,wamslri01,G,11,407,0,0,204,65.0
Dunc Wilson,wilsodu01,G,49,287,0,0,80,30.9
Lefty Wilson,wilsole01,G,1,3,0,0,0,0.5
Spencer Abbott,abbotsp01,LW,1,2,0,0,0,-0.1
Doug Acomb,acombdo01,C,2,2,0,1,1,0.1
Russ Adam,adamru01,C,8,8,1,2,3,0.0
Jack Adams*,adamsja01,C,133,173,81,44,125,20.9
Kevyn Adams,adamske01,C,58,540,59,77,136,7.6
Stew Adams,adamsst01,LW,8,93,9,26,35,2.5
Gary Aldcorn,aldcoga01,LW,86,226,41,56,97,6.0
Claire Alexander,alexacl01,D,123,155,18,47,65,10.7
Jason Allison,allisja02,C,66,552,154,331,485,49.5
Mike Allison,allismi01,LW,86,499,102,166,268,13.5
Lloyd Andrews,andrell01,LW,54,54,8,5,13,-0.5
Greg Andrusak,andrugr01,D,9,28,0,6,6,1.1
Al Arbour*,arboual01,D,66,626,12,58,70,39.3
Amos Arbour,arbouam01,LW,21,114,52,17,69,5.4
Jack Arbour,arbouja01,D,10,47,5,1,6,3.6
Mark Arcobello,arcobma01,RW,20,139,24,29,53,4.8
Colby Armstrong,armstco01,RW,79,476,89,120,209,18.3
Murray Armstrong,armstmu01,C,12,270,67,121,188,14.0
Norm Armstrong,armstno01,RW/D,7,7,1,1,2,0.7
Tim Armstrong,armstti01,C,11,11,1,0,1,-0.2
John Arundel,arundjo01,D,3,3,0,0,0,0.1
Don Ashby,ashbydo01,C,141,188,40,56,96,4.7
Carter Ashton,ashtoca01,RW,54,54,0,3,3,-0.9
Norm Aubin,aubinno01,C,69,69,18,13,31,0.9
Patrik Augusta,auguspa01,RW,2,4,0,0,0,-0.1
Keith Aulie,aulieke01,D,57,167,4,10,14,2.6
Pete Backor,backope01,D,36,36,4,5,9,3.2
Bob Bailey,bailebo01,RW,86,149,15,21,36,1.2
Casey Bailey,baileca01,RW,6,13,1,0,1,0.1
Reid Bailey,bailere01,D,1,40,1,3,4,1.5
Jamie Baker,bakerja01,C,71,404,71,79,150,7.3
Doug Baldwin,baldwdo01,D,15,24,0,1,1,0.8
Earl Balfour,balfoea01,LW,80,288,30,22,52,0.0
Andy Barbe,barbean01,RW,1,1,0,0,0,0.0
Andy Bathgate*,bathgan01,RW,70,1069,349,624,973,91.8
Bates Battaglia,battaba01,LW,95,580,80,118,198,14.3
Francois Beauchemin,beaucfr01,D,136,903,76,212,288,60.2
Alain Belanger,belanal01,RW,9,9,0,1,1,-0.2
Ken Belanger,belanke01,LW,3,248,11,12,23,-0.2
Brendan Bell,bellbr02,D,32,102,7,21,28,3.9
Mark Bell,bellma01,C,35,450,87,95,182,15.5
Pete Bellefeuille,bellepe01,RW,49,92,26,6,32,5.2
Bryan Berard,berarbr01,D,102,619,76,247,323,45.4
Drake Berehowsky,berehdr01,D,133,549,37,112,149,29.2
Craig Berube,berubcr01,LW,40,1054,61,98,159,-4.5
Frank Bialowas,bialofr01,LW,3,3,0,0,0,0.1
Jack Bionda,biondja01,D,13,93,3,9,12,5.7
Chuck Blair,blairch01,RW,1,1,0,0,0,0.0
Dusty Blair,blairdu01,C,2,2,0,0,0,0.0
Mike Blaisdell,blaismi01,RW,27,343,70,84,154,6.2
Mickey Blake,blakemi01,LW/D,8,17,1,1,2,1.0
Troy Bodie,bodietr01,RW,52,159,9,12,21,0.5
Gus Bodnar,bodnagu01,C,187,667,142,255,397,28.2
Lonny Bohonos,bohonlo01,RW,13,83,19,16,35,2.6
Fred Boimistruck,boimifr01,D,83,83,4,14,18,4.1
Serge Boisvert,boisvse01,RW,17,46,5,7,12,-0.2
Leo Boivin*,boivile01,D,137,1150,72,250,322,69.6
Dave Bolland,bollada01,C,23,433,85,123,208,20.3
David Booth,boothda01,LW,59,530,124,112,236,24.5
George Boothman,boothge01,C/D,58,58,17,19,36,2.9
Andreas Borgman,borgman01,D,48,48,3,8,11,2.2
Nikolai Borschevsky,borscni01,RW,142,162,49,73,122,10.9
Laurie Boschman,boschla01,C,187,1009,229,348,577,28.1
Bruce Boudreau,boudrbr01,C,134,141,28,42,70,3.5
Leo Bourgeault,bourgle01,D,22,307,25,20,45,24.9
Darryl Boyce,boyceda01,C,64,84,6,12,18,1.1
Wally Boyer,boyerwa01,C,46,365,54,105,159,9.6
Brad Boyes,boyesbr01,RW,60,822,211,294,505,53.8
Brian Boyle,boylebr01,C,21,766,124,92,216,19.2
Brian Bradley,bradlbr01,C,85,651,182,321,503,39.0
T.J. Brennan,brenntj01,D,13,53,5,8,13,1.1
John Brenneman,brennjo01,LW,41,152,21,19,40,0.8
Tim Brent,brentti01,C,80,207,21,27,48,3.1
Eric Brewer,breweer01,D,18,1009,77,194,271,48.7
Doug Brindley,brinddo01,LW/C,3,3,0,0,0,-0.1
Greg Britz,britzgr01,RW,7,8,0,0,0,-0.2
David Broll,brollda01,LW,5,5,0,1,1,0.1
Willie Brossart,brosswi01,D,21,129,1,14,15,1.5
Aaron Broten,broteaa01,LW/C,27,748,186,329,515,30.9
Arnie Brown,brownar01,D,6,681,44,141,185,41.2
Jeff Brown,brownje02,D,19,747,154,430,584,78.3
Mike Brown,brownmi02,RW,112,407,19,17,36,-1.5
Jeff Brubaker,brubaje01,LW,89,178,16,9,25,-2.2
Bill Brydge,brydgbi01,D,41,368,26,52,78,29.5
Gord Brydson,brydsgo01,C/RW,8,8,2,0,2,0.2
Al Buchanan,buchaal01,LW,4,4,0,1,1,0.0
Mike Bullard,bullami01,C,65,727,329,345,674,50.7
Bill Burega,buregbi01,D,4,4,0,1,1,0.3
Dave Burrows,burroda01,D,151,724,29,135,164,32.5
Garth Butcher,butchga01,D,45,897,48,158,206,42.3
Mike Byers,byersmi01,RW,15,166,42,34,76,5.1
Jack Caffery,caffeja01,C,3,57,3,2,5,-0.8
Larry Cahan,cahanla01,D,79,671,38,92,130,32.0
Francis Cain,cainfr01,D,23,61,4,1,5,0.3
Harry Cameron*,camerha01,D,106,129,88,54,142,28.8
Andrew Campbell,campban01,D,6,42,0,2,2,0.0
Jack Capuano,capuaja01,D,1,6,0,0,0,0.1
Luca Caputi,caputlu01,LW,26,35,3,6,9,0.3
George Carey,careyge01,RW,4,72,21,12,33,-0.2
Wayne Carleton,carlewa01,LW,91,278,55,73,128,7.7
Randy Carlyle,carlyra01,D,94,1055,148,499,647,83.0
Red Carr,carrre01,LW,5,5,0,1,1,-0.1
Connor Carrick,carrico01,D,130,201,11,30,41,7.0
Sam Carrick,carrisa01,C,19,25,1,2,3,0.0
Larry Carriere,carrila01,D,2,366,16,74,90,22.5
Bill Carson,carsobi01,C,95,159,54,27,81,19.9
Ray Ceresino,ceresra01,RW,12,12,1,1,2,-0.1
Murph Chamberlain,chambmu01,LW,131,510,100,175,275,19.9
Andre Champagne,champan01,LW,2,2,0,0,0,-0.1
Kelly Chase,chaseke01,RW,2,458,17,36,53,-4.5
Lex Chisholm,chishle01,C/RW,61,61,10,8,18,1.5
Jack Church,churcja01,D,86,142,4,19,23,10.1
Rob Cimetta,cimetro01,W,49,103,16,16,32,1.3
Terry Clancy,clancte01,RW,86,93,6,6,12,-1.5
David Clarkson,clarkda03,RW,118,570,114,86,200,19.6
Sprague Cleghorn*,cleghsp01,D,13,259,83,60,143,47.7
Rich Clune,cluneri01,LW,19,139,7,15,22,1.1
Carlo Colaiacovo,colaica01,D,111,470,34,123,157,28.4
Joe Colborne,colbojo01,C,16,295,42,72,114,8.9
Brian Conacher,conacbr01,LW,133,155,28,28,56,3.3
Pete Conacher,conacpe01,LW,5,229,47,39,86,6.5
Tim Connolly,connoti01,C,70,697,131,300,431,36.7
Brandon Convery,convebr01,C,50,72,9,19,28,1.5
David Cooper,coopeda01,D,30,30,3,7,10,1.9
Bobby Copp,coppbo01,D,30,30,3,9,12,3.1
Bert Corbeau,corbebe01,D,131,258,63,48,111,29.9
Frank Corrado,corrafr01,D,41,76,3,5,8,0.3
Chuck Corrigan,corrich01,RW,3,18,2,2,4,-0.2
Les Costello,costele01,LW,15,15,2,3,5,0.2
Rich Costello,costeri01,C,12,12,2,2,4,0.0
Charlie Cotch,cotchch01,LW,5,12,1,0,1,-0.3
Sylvain Cote,cotesy01,D,94,1171,122,313,435,86.6
Jack Coughlin,coughja01,RW,6,20,2,0,2,-1.0
Danny Cox,coxda01,LW,114,319,48,50,98,11.0
Joey Crabb,crabbjo01,RW,115,179,20,33,53,3.7
Mike Craig,craigmi01,RW,172,423,71,97,168,6.6
John Craighead,craigjo01,RW,5,5,0,0,0,-0.1
Rusty Crawford*,crawfru01,LW,25,38,10,8,18,0.1
Dave Creighton,creigda01,C,62,616,140,174,314,27.9
Cory Cross,crossco01,D,162,659,34,97,131,32.7
Joe Crozier,crozijo01,D,5,5,0,3,3,0.5
Barry Cullen,culleba01,RW,164,218,32,52,84,4.6
John Cullen,cullejo01,C,100,621,187,363,550,39.2
Brian Curran,currabr01,D,130,381,7,33,40,13.2
Mariusz Czerkawski,czerkma01,RW,19,745,215,220,435,45.7
Jerry D'Amigo,damigje01,RW,22,31,1,2,3,-0.2
Kevin Dahl,dahlke01,D,3,188,7,22,29,8.4
Marty Dallman,dallmma01,C,6,6,0,1,1,-0.1
Harold Darragh,darraha01,LW,67,307,68,49,117,18.9
Kim Davis,daviski01,C,2,36,5,7,12,0.1
Bob Dawes,dawesbo01,D/C,17,32,2,7,9,2.6
Lucien DeBlois,deblolu01,C,92,993,249,276,525,27.5
Dale DeGray,degrada01,D,56,153,18,47,65,8.7
Ab DeMarco,demarab01,C,4,210,72,95,167,12.3
Nathan Dempsey,dempsna01,D,48,260,21,67,88,15.2
Corb Denneny,denneco01,C,135,176,102,42,144,15.8
Gerry Denoird,denoige01,C,1,1,0,0,0,0.1
Travis Dermott,dermotr01,D,101,101,5,25,30,5.1
Jamie Devane,devanja01,LW,2,2,0,0,0,-0.1
Andre Deveaux,deveaan01,C,22,31,0,2,2,-0.2
Boyd Devereaux,deverbo01,C,118,627,67,112,179,12.5
Ernie Dickens,dickeer01,D,25,278,12,44,56,9.7
Gerald Diduck,diducge01,D,26,932,56,156,212,51.7
Paul DiPietro,dipiepa01,C,32,192,31,49,80,4.3
Ken Doraty,doratke01,F,83,103,15,26,41,3.3
Dave Downie,downida01,C/RW,11,11,0,0,0,-0.2
Bruce Draper,drapebr01,C,1,1,0,0,0,0.0
Harold Druken,drukeha01,C,14,146,27,36,63,7.2
Art Duncan,duncaar01,D,122,156,18,16,34,17.4
Rocky Dundas,dundaro01,RW,5,5,0,0,0,-0.2
Frank Dunlap,dunlafr01,W,5,5,0,1,1,-0.1
Dave Dunn,dunnda01,D,115,184,14,41,55,9.2
Denis Dupéré,duperde01,LW,192,421,80,99,179,9.8
Jerome Dupont,duponje01,D,13,214,7,29,36,6.7
Philippe Dupuis,dupuiph01,C,30,116,6,12,18,0.3
Vitezslav Duris,durisvi01,D,89,89,3,20,23,5.0
Babe Dye*,dyeba01,RW,177,272,203,50,253,46.6
Dallas Eakins,eakinda01,D,18,120,0,9,9,4.1
Robbie Earl,earlro01,LW,9,47,6,1,7,0.5
Mike Eastwood,eastwmi01,C,111,783,87,149,236,11.6
Tim Ecclestone,eccleti01,LW,51,692,126,233,359,23.6
Garry Edmundson,edmunga01,LW,42,43,4,6,10,0.1
Gerry Ehman,ehmange01,RW,125,429,96,118,214,15.1
Tyler Ennis,ennisty01,C,51,543,117,159,276,26.6
Anders Eriksson,eriksan01,D,38,572,22,154,176,36.6
Tim Erixon,erixoti01,D,15,93,2,12,14,2.9
Len Esau,esaule01,D,2,27,0,10,10,0.8
Chris Evans,evansch01,D,2,241,19,42,61,8.7
Daryl Evans,evansda01,LW,2,113,22,30,52,1.8
Paul Evans,evanspa01,C/LW,11,11,1,1,2,0.0
Garnet Exelby,exelbga01,D,51,408,7,43,50,8.4
Kelly Fairchild,faircke01,C,23,34,2,3,5,-0.1
Jeff Farkas,farkaje01,RW,8,11,0,2,2,-0.1
Alex Faulkner,faulkal01,C,1,101,15,17,32,1.3
Ted Fauss,fausste01,D,28,28,0,2,2,1.3
Eric Fehr,fehrer01,RW,5,652,113,108,221,23.9
Paul Fenton,fentopa01,LW,30,411,100,83,183,8.9
Jeff Finger,fingeje01,D,105,199,17,40,57,10.7
Frank Finnigan,finnifr01,RW,154,554,116,94,210,30.8
Alvin Fisher,fisheal01,RW,9,9,1,0,1,-0.2
Tom Fitzgerald,fitzgto01,RW,135,1097,139,190,329,15.3
Bill Flett,flettbi01,RW,77,689,202,215,417,32.7
Gerry Foley,foleyge01,RW,4,142,9,14,23,-1.5
Mike Foligno,foligmi01,RW,129,1018,355,372,727,56.2
Jack Forsey,forseja01,RW,19,19,7,9,16,1.2
Dave Fortier,fortida01,D,23,205,8,21,29,10.8
Alex Foster,fosteal01,C,3,3,0,0,0,0.0
Jimmy Fowler,fowleji01,D,135,135,18,29,47,14.9
Lou Franceschetti,franclo01,RW,96,459,59,81,140,2.0
Ron Francis*,francro01,C,12,1731,549,1249,1798,149.3
Mark Fraser,frasema01,D,64,219,4,18,22,7.1
Matt Frattin,frattma01,RW,91,135,17,18,35,2.8
Byron Froese,froesby01,C,58,110,5,11,16,-0.4
Jonas Frogren,frogrjo01,D,41,41,1,6,7,1.1
Paul Gagne,gagnepa01,LW,16,390,110,101,211,10.8
Dave Gagner,gagneda01,C,28,946,318,401,719,60.9
Simon Gamache,gamacsi01,C,11,48,6,7,13,0.7
Dick Gamble,gambldi01,LW,3,195,41,41,82,7.8
Paul Gardner,gardnpa01,C,56,447,201,201,402,31.0
Ray Gariepy,gariera01,D,1,36,1,6,7,2.0
Scott Garland,garlasc01,C,85,91,13,24,37,0.9
Mike Gartner*,gartnmi01,RW,130,1432,708,627,1335,121.8
Frederik Gauthier,gauthfr01,C,107,107,6,13,19,0.6
Aaron Gavey,gaveyaa01,C,5,360,41,50,91,4.0
John Gibson,gibsojo01,D,27,48,0,2,2,0.7
Hal Gill,gillha01,D,145,1108,36,148,184,48.0
Gaston Gingras,gingrga01,D,109,476,61,174,235,36.7
Kenny Girard,girarke01,RW,7,7,0,1,1,-0.1
Tim Gleason,gleasti01,D,39,727,17,125,142,26.7
Ernie Godden,goddeer01,C,5,5,1,1,2,0.1
Alexander Godynyuk,godynal01,D,49,223,10,39,49,11.5
Bob Goldham,goldhbo01,D,79,650,28,143,171,51.8
Hank Goldup,golduha01,LW,100,202,63,80,143,11.1
Ed Gorman,gormaed01,D,19,111,14,6,20,10.0
Chris Govedaris,govedch01,LW,12,45,4,6,10,0.0
Michael Grabner,grabnmi01,RW,80,594,167,98,265,33.8
Bob Gracie,gracibo01,C/LW,104,380,82,110,192,20.5
Pat Graham,grahapa01,LW,41,103,11,17,28,-0.4
Petter Granberg,granbpe01,D,8,45,0,2,2,0.9
Alex Gray,grayal01,RW,7,50,7,1,8,0.7
Travis Green,greentr01,C,181,970,193,262,455,36.1
Colin Greening,greenco01,C/LW,30,286,45,57,102,8.2
Mark Greig,greigma01,RW,13,125,13,27,40,1.6
Seth Griffith,griffse01,C,3,79,8,11,19,1.2
John Grisdale,grisdjo01,D,51,250,4,39,43,10.1
Lloyd Gross,grossll01,LW,6,52,11,4,15,1.8
Per Gustafsson,gustape02,D,22,89,8,27,35,7.9
Sean Haggerty,haggese01,LW,1,14,1,2,3,0.2
Niklas Hagman,hagmani01,LW,120,770,147,154,301,27.7
Ron Hainsey,hainsro01,D,161,1068,58,241,299,57.1
Harold Halderson,haldeha01,D,26,44,3,2,5,3.0
Bob Halkidis,halkibo01,D,46,256,8,32,40,10.3
Herb Hamel,hamelhe01,RW,2,2,0,0,0,-0.1
Jack Hamilton,hamilja01,C,102,102,28,32,60,3.4
Jeff Hamilton,hamilje01,C,15,157,32,45,77,7.6
Ryan Hamilton,hamilry01,LW,12,30,1,4,5,-0.4
Ken Hammond,hammoke01,D,14,193,18,29,47,6.1
Ted Hampson,hampste01,C,41,677,108,245,353,20.9
Dave Hannan,hannada01,C,148,841,114,191,305,9.3
Gord Hannigan,hannigo01,C,161,161,29,31,60,5.6
Pat Hannigan,hannipa01,LW,1,182,30,39,69,3.6
Ray Hannigan,hannira01,RW,3,3,0,0,0,-0.1
Christian Hanson,hansoch01,C,42,42,3,6,9,0.1
David Harlock,harloda01,D,8,212,2,14,16,1.8
Scott Harrington,harrisc01,D,15,152,5,21,26,4.9
Billy Harris,harribi02,RW,146,897,231,327,558,36.5
Duke Harris,harridu01,RW,4,26,1,4,5,-0.6
Jay Harrison,harrija01,D,20,372,23,52,75,14.8
Jim Harrison,harriji01,C,175,324,67,86,153,9.2
Bob Hassard,hassabo01,C,109,126,9,28,37,1.6
Todd Hawkins,hawkito01,W,2,10,0,0,0,-0.3
Paul Healey,healepa01,LW,65,77,6,14,20,1.8
Pierre Hedin,hedinpi01,D,3,3,0,1,1,0.1
Frank Heffernan,heffefr01,D,19,19,0,1,1,-0.8
Jimmy Herbert,herbeji01,C/RW,31,206,83,34,117,28.0
Red Heron,heronre01,C,83,106,21,19,40,3.6
Jamie Heward,hewarja01,D,25,394,38,86,124,18.3
Pat Hickey,hickepa01,LW,118,644,192,212,404,25.8
Paul Higgins,higgipa01,RW,26,26,0,0,0,-0.8
Mel Hill,hillme01,RW,146,324,89,108,197,16.2
Andre Hinse,hinsean01,LW,4,4,0,0,0,-0.2
Dan Hodgson,hodgsda01,C,40,114,29,45,74,4.5
Benoit Hogue,hoguebe01,C,56,863,222,321,543,44.3
Josh Holden,holdejo01,C,6,60,5,9,14,0.6
Justin Holl,hollju01,D,13,13,2,1,3,0.6
Peter Holland,hollape01,C,174,266,36,49,85,6.2
Flash Hollett,hollefl01,D,64,560,132,181,313,78.1
Ryan Hollweg,hollwry01,C,25,228,5,9,14,-2.5
Albert Holway,holwaal01,D,42,116,7,2,9,7.2
Korbinian Holzer,holzeko01,D,58,157,5,18,23,4.7
Larry Hopkins,hopkila01,LW,2,60,13,16,29,1.6
George Horne,hornege01,RW,39,54,9,3,12,2.6
Bronco Horvath,horvabr01,C,10,434,141,185,326,29.8
Greg Hotham,hothagr01,D,60,230,15,74,89,11.6
Phil Housley*,houslph01,D,1,1495,338,894,1232,170.7
Jack Howard,howarja01,D,2,2,0,0,0,0.1
Syd Howe*,howesy01,C/LW,3,700,237,292,529,55.7
Rolly Huard,huardro01,C,1,1,1,0,1,0.2
Greg Hubick,hubicgr01,D,72,77,6,9,15,3.5
Mike Hudson,hudsomi01,C/LW,27,416,49,87,136,3.1
Matt Hunwick,hunwima01,D,132,535,25,94,119,22.6
Ron Hurst,hurstro01,RW,64,64,9,7,16,0.7
Dave Hutchison,hutchda01,D,157,584,19,97,116,33.7
Miroslav Ihnacak,ihnacmi01,LW,55,56,8,9,17,0.3
Brent Imlach,imlacbr01,F,3,3,0,0,0,-0.1
Jack Ingoldsby,ingoljo01,RW/D,29,29,5,1,6,1.9
Ralph Intranuovo,intrara01,C,3,22,2,4,6,0.1
Brayden Irwin,irwinbr01,RW,2,2,0,0,0,0.0
Ric Jackman,jackmri01,D,71,231,19,58,77,8.8
Art Jackson,jacksar01,C,114,470,123,179,302,24.5
Jeff Jackson,jacksje01,LW,77,263,38,48,86,1.9
Stan Jackson,jacksst01,LW,26,86,9,9,18,-1.1
Paul Jacobs,jacobpa01,D,1,1,0,0,0,-0.1
Gerry James,jamesge01,RW,149,149,14,26,40,0.9
Val James,jamesva01,LW,4,11,0,0,0,-0.3
Gary Jarrett,jarrega01,LW,1,341,72,92,164,10.7
Pierre Jarry,jarrypi01,LW,104,344,88,117,205,13.8
James Jarvis,jarvija01,LW,24,112,17,15,32,0.5
Wes Jarvis,jarviwe01,C,29,237,31,55,86,1.7
Larry Jeffrey,jeffrla01,LW,76,368,39,62,101,1.4
Roger Jenkins,jenkiro01,RW/D,21,324,15,41,56,2.4
Grant Jennings,jennigr01,D,10,389,14,43,57,15.1
Bill Johansen,johanbi01,C/RW,1,1,0,0,0,0.0
Trevor Johansen,johantr01,D,132,286,11,46,57,11.3
Calle Johansson,johanca01,D,8,1109,119,416,535,95.1
Craig Johnson,johnscr01,LW,10,557,75,98,173,11.2
Danny Johnson,johnsda01,C,1,120,18,19,37,0.7
Terry Johnson,johnste01,D,48,285,3,24,27,10.0
Andreas Johnsson,johnsan01,LW,82,82,22,24,46,5.2
Greg Johnston,johnsgr01,RW,4,187,26,29,55,1.1
Ross Johnstone,johnsro01,D,42,42,5,4,9,3.7
Olli Jokinen,jokinol01,C,6,1231,321,429,750,71.7
Buck Jones,jonesbu01,D,16,50,2,3,5,3.0
Jimmy Jones,jonesji02,RW,148,148,13,18,31,-0.5
Kenny Jonsson,jonsske01,D,89,686,63,204,267,50.4
Eddie Joyal,joyaled01,C,14,465,128,134,262,20.2
Bingo Kampman,kampmbi01,D,189,189,14,30,44,16.9
Kasperi Kapanen,kapanka01,RW,133,133,28,26,54,4.9
Alexander Karpovtsev,karpoal01,D,125,596,34,154,188,38.2
Mike Kaszycki,kaszymi01,C,53,226,42,80,122,6.4
Butch Keeling,keelibu01,LW,73,525,157,64,221,33.8
Larry Keenan,keenala01,LW,2,233,38,64,102,6.4
Rick Kehoe,kehoeri01,RW,184,906,371,396,767,61.7
Stan Kemp,kempst01,D,1,1,0,0,0,0.0
Bill Kendall,kendabi01,RW,21,138,16,11,27,1.0
Forbes Kennedy,kennefo01,C,13,603,70,108,178,2.7
Mike Kennedy,kennemi01,C,13,145,16,36,52,2.5
Alexander Khavanov,khavaal01,D,64,348,27,75,102,22.0
Dmitri Khristich,khrisdm01,LW/C,80,811,259,337,596,60.3
Hec Kilrea,kilrehe01,LW,89,633,166,130,296,44.9
Derek King,kingde01,LW,161,830,261,351,612,53.1
Kris King,kingkr01,LW,188,849,66,85,151,-4.4
Mark Kirton,kirtoma01,C,13,266,57,56,113,3.5
Bill Kitchen,kitchbi01,D,29,41,1,4,5,1.1
Ken Klee,kleeke01,D,122,934,55,140,195,33.9
Paul Knox,knoxpa01,RW,1,1,0,0,0,0.0
Ladislav Kohn,kohnla01,RW,16,186,14,28,42,0.4
Mark Kolesar,kolesma01,LW,28,28,2,2,4,-0.3
Mike Komisarek,komismi01,D,158,551,14,67,81,17.6
Maxim Kondratiev,kondrma01,D,7,40,1,2,3,0.7
John Kordic,kordijo01,RW,104,244,17,18,35,-2.9
Mike Kostka,kostkmi01,D,35,85,4,17,21,4.5
Chris Kotsopoulos,kotsoch01,D,182,479,44,109,153,24.6
Les Kozak,kozakle01,LW,12,12,1,0,1,-0.1
Brandon Kozun,kozunbr01,RW,20,20,2,2,4,0.3
Stephen Kraftcheck*,kraftst01,D,8,156,11,18,29,7.7
Staffan Kronwall,kronwst01,D,52,66,1,3,4,0.7
Alexei Kudashov,kudasal01,C,25,25,1,0,1,-0.6
Orland Kurtenbach,kurteor01,C,70,640,119,213,332,20.1
Tom Kurvers,kurveto01,D,89,659,93,328,421,54.3
Nick Kypreos,kypreni01,LW,54,442,46,44,90,-1.0
Eric Lacroix,lacroer01,LW,3,472,67,70,137,8.5
Brooks Laich,laichbr01,C,21,776,134,198,332,27.8
Larry Landon,landola01,RW,7,9,0,0,0,-0.3
Pete Langelle,langepe01,C,137,137,22,51,73,5.9
Rick Lanz,lanzri01,D,151,569,65,221,286,37.4
Guy Larose,larosgu01,C,53,70,10,9,19,0.1
Matt Lashoff,lashoma01,D,11,74,1,15,16,1.6
Craig Laughlin,laughcr01,RW,66,549,136,205,341,19.9
Paul Lawless,lawlepa01,LW,13,239,49,77,126,6.1
Derek Laxdal,laxdade01,RW,51,67,12,7,19,0.1
Brett Lebda,lebdabr01,D,41,397,20,56,76,17.0
Brad Leeb,leebbr01,RW,1,5,0,0,0,-0.2
Brian Leetch*,leetcbr01,D,15,1205,247,781,1028,146.6
Sylvain Lefebvre,lefebsy01,D,165,945,30,154,184,49.5
Brendan Leipsic,leipsbr01,LW,6,126,13,35,48,2.9
Josh Leivo,leivojo01,LW,84,133,24,22,46,4.9
Alex Levinsky,levinal01,D,150,367,19,49,68,27.4
Danny Lewicki,lewicda01,LW,123,461,105,135,240,21.5
Bob Liddington,liddibo01,LW,11,11,0,1,1,-0.3
John-Michael Liles,lilesjo01,D,104,836,87,283,370,61.1
Tobias Lindberg,lindbto01,RW,6,6,0,2,2,0.1
Par Lindholm,lindhpa01,C,61,65,1,12,13,0.2
Eric Lindros*,lindrer01,C,33,760,372,493,865,101.6
Joakim Lindstrom,lindsjo01,C,19,150,19,24,43,2.4
Ken Linseman,linseke01,C,2,860,256,551,807,58.2
Ed Litzenberger,litzeed01,C/RW,115,619,178,238,416,39.3
Claude Loiselle,loisecl01,C,71,616,92,117,209,3.4
Matthew Lombardi,lombama01,C,62,536,101,161,262,24.1
Viktor Loov,loovvi01,D,4,4,0,2,2,0.6
Wilf Loughlin,loughwi01,D/LW,14,14,0,0,0,-0.2
Gerry Lowrey,lowrege01,LW,57,211,47,48,95,12.2
Don Luce,lucedo01,C,39,894,225,328,553,44.1
Jyrki Lumme,lummejy01,D,124,985,114,354,468,79.8
Jamie Lundmark,lundmja01,C,15,295,40,59,99,6.6
Joe Lundrigan,lundrjo01,D,49,52,2,8,10,3.1
Clarke MacArthur,macarcl01,LW,195,552,133,171,304,32.3
Parker MacDonald,macdopa01,C,63,676,144,179,323,23.5
Blair MacKasey,mackabl01,D,1,1,0,0,0,0.0
Fleming MacKell,mackefl01,C,152,666,149,220,369,33.9
Don MacLean,macledo01,C,3,41,8,5,13,0.9
Billy MacMillan,macmibi01,RW,137,446,74,77,151,6.8
John MacMillan,macmijo01,RW,81,104,5,10,15,-1.0
Al MacNeil,macneal01,D,71,524,17,75,92,36.2
Andrew MacWilliam,macwian01,D,12,12,0,2,2,-0.1
Darryl Maggs,maggsda01,D,5,135,14,19,33,7.1
Marc Magnan,magnama01,LW,4,4,0,1,1,0.0
Kevin Maguire,maguike01,RW,88,260,29,30,59,-0.3
Adam Mair,mairad01,C,24,615,38,76,114,5.5
Phil Maloney,malonph01,C,30,159,28,43,71,5.0
Kent Manderville,mandeke01,C,136,646,37,67,104,-0.1
Norm Mann,mannno01,RW/C,31,31,0,3,3,-0.6
Bob Manno,mannobo01,D,72,371,41,132,173,21.5
Dave Manson,mansoda01,D,87,1103,102,288,390,66.5
Alexey Marchenko,marchal01,D,11,121,4,17,21,5.3
Brian Marchinko,marchbr01,C,5,47,2,6,8,-0.6
Bryan Marchment,marchbr02,D,75,926,40,142,182,47.4
Martin Marincin,marinma01,D,116,201,4,26,30,6.0
Gus Marker,markegu01,RW,98,323,64,70,134,12.8
Jack Markle,marklja01,RW,8,8,0,1,1,-0.1
Jack Marks,marksja01,LW/D,5,7,0,0,0,-0.4
Patrick Marleau,marlepa01,C,164,1657,551,615,1166,132.3
Brad Marsh,marshbr01,D,181,1086,23,175,198,46.6
Gary Marsh,marshga01,LW,1,7,1,3,4,0.3
Don Marshall,marshdo01,LW,50,1176,265,324,589,46.4
Paul Marshall,marshpa01,LW,23,95,15,18,33,0.7
Willie Marshall,marshwi01,C,33,33,1,5,6,-0.1
Jack Martin,martija01,C,1,1,0,0,0,0.0
Matt Martin,martima02,LW,132,637,56,67,123,6.0
Matt Martin,martima01,D,76,76,0,5,5,1.9
Tom Martin,martito01,RW,3,3,1,0,1,0.1
Paul Masnick,masnipa01,C,41,220,18,40,58,1.8
Frank Mathers*,mathefr01,D,23,23,1,3,4,1.6
Joe Matte,mattejo01,D,17,68,17,15,32,2.3
Shawn Matthias,matthsh01,C,51,551,90,84,174,15.9
Brad Maxwell,maxwebr02,D,52,613,98,270,368,49.0
Wally Maxwell,maxwewa01,C,2,2,0,0,0,-0.1
Brad May,maybr01,LW,38,1041,127,161,288,17.1
Shep Mayer,mayersh01,RW,2,2,1,2,3,0.2
Jamal Mayers,mayerja01,RW,115,915,90,129,219,11.0
Gary McAdam,mcadaga01,LW,15,528,94,132,226,9.4
Chris McAllister,mcallch01,D,56,301,4,17,21,2.3
Cliff McBride,mcbricl01,RW/D,1,1,0,0,0,0.1
Bert McCaffrey,mccafbe01,RW/D,118,261,43,35,78,30.0
Kevin McClelland,mccleke01,RW,18,588,68,112,180,-1.2
Jay McClement,mccleja01,C,129,906,90,154,244,10.1
John McCormack,mccorjo01,C,84,311,25,49,74,1.4
Dale McCourt,mccouda01,C,72,532,194,284,478,35.4
Bill McCreary,mccrebi02,RW,12,12,1,0,1,-0.4
John McCreedy,mccrejo01,RW,64,64,17,12,29,2.2
Darwin McCutcheon,mccutda01,D,1,1,0,0,0,0.0
Jack McDonald,mcdonja01,LW,6,70,26,14,40,1.5
John McIntyre,mcintjo01,C,72,351,24,54,78,-2.6
Larry McIntyre,mcintla01,D,41,41,0,3,3,2.4
Walt McKechnie,mckecwa01,C,133,955,214,392,606,37.5
Greg McKegg,mckeggr01,C,4,132,13,11,24,1.5
Sean McKenna,mckense01,RW,48,414,82,80,162,5.7
Don McKenney,mckendo01,C,67,798,237,345,582,52.7
Frazer McLaren,mclarfr01,LW,62,102,4,7,11,0.8
Jack McLean,mcleaja01,C/RW,67,67,14,24,38,1.8
John McLellan,mcleljo01,C,2,2,0,0,0,-0.1
Dave McLlwain,mcllwda01,C/RW,77,501,100,107,207,7.9
Basil McRae,mcraeba01,LW,4,576,53,83,136,-2.6
Chris McRae,mcraech01,LW,14,21,1,0,1,-0.4
Ken McRae,mcraeke01,C,11,137,14,21,35,-1.2
Gerry Meehan,meehage01,C,25,670,180,243,423,30.5
Harry Meeking,meekiha01,LW,35,64,19,13,32,0.9
Barry Melrose,melroba01,D,173,300,10,23,33,6.5
Don Metz,metzdo01,RW,170,170,20,35,55,2.6
Milan Michalek,michami01,RW,18,747,208,238,446,48.8
Larry Mickey,mickela01,RW,55,292,39,53,92,2.1
Jim Mikol,mikolji01,LW/D,4,34,1,4,5,-0.3
Mike Millar,millami01,RW,7,78,18,18,36,2.0
Earl Miller,milleea01,LW,16,110,19,14,33,2.1
Dmitri Mironov,mirondm01,D,175,556,54,206,260,44.2
John Mitchell,mitchjo01,C,159,548,70,107,177,12.0
Lyle Moffat,moffaly01,LW,23,97,12,16,28,0.2
Alexander Mogilny,mogilal01,RW,176,990,473,559,1032,111.5
Sergio Momesso,momesse01,LW,54,710,152,193,345,20.7
Dickie Moore*,mooredi01,LW,38,719,261,346,607,65.2
Dominic Moore,mooredo01,C,151,897,106,176,282,19.2
Trevor Moore,mooretr01,LW,25,25,2,6,8,0.6
Marc Moro,moroma01,D,2,30,0,0,0,0.0
Moe Morris,morrimo01,D,117,135,14,29,43,11.2
Marcel Mueller,muellma01,LW,3,3,0,0,0,-0.1
Richard Mulhern,mulheri01,D,26,303,27,93,120,20.7
Kirk Muller,mulleki01,LW,102,1349,357,602,959,67.1
Harry Mummery,mummeha01,D,31,106,32,20,52,10.5
Craig Muni,municr01,D,19,819,28,119,147,42.9
Gerry Munro,munroge01,D,4,34,1,2,3,2.2
Larry Murphy*,murphla01,D,151,1615,288,929,1217,176.8
Ken Murray,murrake01,D,5,106,1,10,11,4.2
Randy Murray,murrara01,D,3,3,0,0,0,0.1
Jake Muzzin,muzzija01,D,30,526,56,173,229,46.9
Ric Nattress,nattrri01,D,36,536,29,135,164,28.6
Zdenek Nedved,nedvezd01,RW,31,31,4,6,10,0.6
Gordie Nelson,nelsogo01,D,3,3,0,0,0,0.2
Mike Neville,nevilmi01,C,48,67,5,6,11,-0.9
Kris Newbury,newbukr01,C,44,76,4,6,10,0.5
Joe Nieuwendyk*,nieuwjo01,C,64,1257,564,562,1126,120.0
Frank Nighbor*,nighbfr01,C,23,349,139,100,239,31.8
Frank Nigro,nigrofr01,C,68,68,8,18,26,0.5
Reg Noble*,noblere01,C/D,160,510,167,106,273,35.2
Owen Nolan,nolanow01,RW,79,1200,422,463,885,91.6
Paddy Nolan,nolanpa01,LW/D,2,2,0,0,0,-0.1
Mike Nykoluk,nykolmi01,RW,32,32,3,1,4,-0.3
Ryan O'Byrne,obyrnry01,D,8,308,5,34,39,8.4
Gerry O'Flaherty,oflahge01,LW,2,438,99,95,194,11.0
Jeff O'Neill,oneilje01,RW,148,821,237,259,496,49.8
Tom O'Neill,oneilto01,RW,66,66,10,12,22,0.3
Ben Ondrus,ondrube01,RW,52,52,0,2,2,-1.4
Phil Oreskovic,oreskph01,D,10,10,1,1,2,0.2
Randy Osburn,osburra01,LW,26,27,0,2,2,-0.8
Igor Ozhiganov,ozhigig01,D,53,53,3,4,7,1.2
Wilf Paiement,paiemwi01,RW,187,946,356,458,814,59.5
Richard Panik,panikri01,RW,76,410,75,84,159,16.1
P.A. Parenteau,parenpi01,LW,77,491,114,182,296,30.2
J.P. Parise,parisjp01,LW,1,890,238,356,594,45.5
George Parsons,parsoge01,LW,78,78,12,13,25,1.6
George Patterson,pattege01,W,30,270,51,27,78,8.8
Rob Pearson,pearsro01,RW,192,269,56,54,110,6.1
Scott Pearson,pearssc01,LW,63,292,56,42,98,3.7
Michael Peca,pecami01,C,35,864,176,289,465,42.2
Tom Pederson,pederto01,D,15,240,20,49,69,11.4
Stuart Percy,percyst01,D,12,12,0,3,3,0.0
Fred Perlini,perlifr01,C,8,8,2,3,5,0.2
Yanic Perreault,perreya01,C,176,859,247,269,516,54.9
Nathan Perrott,perrona01,RW,43,89,4,5,9,0.2
Nic Petan,petanni01,C,5,113,6,18,24,0.5
Michel Petit,petitmi01,D,88,827,90,238,328,45.8
Eric Pettinger,pettier01,LW/C,67,98,7,12,19,0.0
Robert Picard,picarro02,D,59,899,104,319,423,62.2
Karel Pilar,pilarka01,D,90,90,6,24,30,5.0
Pierre Pilote*,pilotpi01,D,69,890,80,418,498,93.1
Cam Plante,plantca01,D,2,2,0,0,0,0.1
Tomas Plekanec,plekato01,C,17,1001,233,375,608,64.3
Walt Poddubny,podduwa01,LW,186,468,184,238,422,32.3
Jason Podollan,podolja01,RW,14,41,1,5,6,-0.5
John Pohl,pohljo01,C,114,115,17,21,38,2.9
Bud Poile*,poilebu01,RW,131,311,107,122,229,22.2
Babe Pratt*,prattba01,D,179,518,83,210,293,64.7
Tracy Pratt,pratttr01,D,11,580,17,97,114,27.6
Eric Prentice,prenter01,LW,5,5,0,0,0,-0.2
Wayne Presley,preslwa01,RW,19,684,155,147,302,16.9
Noel Price,priceno01,D,29,500,14,114,128,29.4
Wayne Primeau,primewa01,C,59,774,69,125,194,5.4
Martin Prochazka,prochma01,RW,29,32,2,5,7,0.1
Goldie Prodgers,prodggo01,F/D,16,111,63,33,96,14.9
Al Pudas,pudasal01,W,4,4,0,0,0,-0.2
Joel Quenneville,quennjo01,D,93,803,54,136,190,43.8
Pat Quinn*,quinnpa01,D,99,606,18,113,131,34.2
Rob Ramage,ramagro01,D,160,1044,139,425,564,75.1
Beattie Ramsay,ramsabe01,D,43,43,0,2,2,2.6
Ken Randall,randake01,RW/D,128,219,70,51,121,30.1
Paul Ranger,rangepa01,D,53,323,24,82,106,19.4
Mason Raymond,raymoma01,LW,82,546,115,136,251,25.0
Larry Regan,reganla01,RW,116,280,41,95,136,9.0
Dave Reid,reidda01,C,7,7,0,0,0,-0.2
Reg Reid,reidre01,LW,39,39,1,0,1,-2.0
Bobby Reynolds,reynobo01,LW,7,7,1,1,2,-0.1
Pat Ribble,ribblpa01,D,13,349,19,60,79,17.0
Mike Ridley,ridlemi01,C,48,866,292,466,758,60.6
Dave Ritchie,ritchda01,D,4,57,15,6,21,3.9
Mickey Roach,roachmi01,C,30,211,77,37,114,12.0
René Robert,roberre01,RW,74,744,284,418,702,59.6
Fred Robertson,roberfr01,D,28,48,2,0,2,2.9
Stephane Robidas,robidst01,D,52,937,57,201,258,55.0
Eddie Rodden,roddeed01,C,33,90,6,14,20,0.7
Doc Romnes,romnedo01,LW/C,36,360,67,137,204,21.6
Bill Root,rootbi01,D,96,247,11,23,34,9.9
Jay Rosehill,rosehja01,LW,72,117,5,3,8,-0.1
Calle Rosen,rosenca01,D,8,8,1,1,2,-0.1
Duane Rupp,ruppdu01,D,78,374,24,93,117,26.2
Warren Rychel,rychewa01,LW,26,406,38,39,77,-1.6
Bob Sabourin,saboubo01,LW,1,1,0,0,0,0.0
Gary Sabourin,sabouga01,RW,55,627,169,188,357,29.3
David Sacco,saccoda01,RW,4,35,5,13,18,0.9
Joe Sacco,saccojo01,RW,60,738,94,119,213,10.9
Phil Samis,samisph01,D,2,2,0,0,0,0.1
Charlie Sands,sandsch01,C/RW,48,429,99,112,211,20.8
Mike Santorelli,santomi01,C,57,406,64,74,138,11.8
Mathieu Schneider,schnema01,D,115,1289,223,520,743,132.8
Rod Schutt,schutro01,LW,6,286,77,92,169,10.1
Ganton Scott,scottga01,RW,21,56,1,1,2,-2.7
Al Secord,secoral01,LW,114,766,273,223,496,33.5
Ron Sedlbauer,sedlbro01,LW,21,430,143,86,229,16.7
Rod Seiling,seiliro01,D,138,979,62,269,331,75.6
Brit Selby,selbybr01,LW,169,347,55,62,117,4.9
Brad Selwood,selwobr01,D,99,162,7,40,47,9.4
Dave Semenko,semenda01,LW,70,575,65,88,153,-2.9
Jeff Serowik,serowje01,D,1,28,0,6,6,0.7
Dave Shand,shandda01,D,48,421,19,84,103,26.8
Darryl Shannon,shannda01,D,98,544,28,111,139,32.0
Norm Shay,shayno01,D/RW,22,53,5,5,10,-1.1
Doug Shedden,shedddo01,C,24,416,139,186,325,19.7
Jack Shill,shillja01,C,42,160,15,20,35,0.4
Jaime Sifers,siferja01,D,23,37,0,2,2,0.3
Zach Sill,sillza01,C,21,93,2,3,5,-1.0
Fredrik Sjostrom,sjostfr01,RW,85,489,46,58,104,4.2
Alf Skinner,skinnal01,RW,37,71,26,12,38,1.5
Darryl Sly,slyda01,D,19,79,1,2,3,2.1
Dale Smedsmo,smedsda01,LW,4,4,0,0,0,-0.1
Art Smith,smithar01,D,101,144,15,10,25,13.4
Ben Smith,smithbe01,RW,52,237,29,25,54,3.8
Brad Smith,smithbr03,RW,89,222,28,34,62,-0.2
D.J. Smith,smithdj01,D,11,45,1,1,2,0.3
Floyd Smith,smithfl01,RW,131,617,129,178,307,22.1
Glenn Smith,smithgl01,D,9,9,0,0,0,0.4
Jason Smith,smithja01,D,162,1008,41,128,169,48.3
Trevor Smith,smithtr01,C,82,107,9,11,20,0.7
Jerred Smithson,smithje01,C,18,606,39,57,96,-0.5
Rod Smylie,smyliro01,W,61,74,3,2,5,-2.8
Greg Smyth,smythgr01,D,13,229,4,16,20,7.4
Chris Snell,snellch01,D,2,34,2,7,9,1.2
Bob Solinger,solinbo01,W,98,99,10,11,21,0.8
Nikita Soshnikov,soshnni01,RW,70,87,8,8,16,0.7
Nick Spaling,spalini01,C,35,437,52,72,124,7.5
Gordon Spence,spencgo01,LW,3,3,0,0,0,-0.2
Brian Spencer,spencbr01,LW,95,553,80,143,223,8.1
Chris Speyer,speyech01,D,5,14,0,0,0,0.3
Jesse Spring,sprinje01,D,2,133,11,4,15,7.1
Ted Stackhouse,stackte01,D,13,13,0,0,0,0.5
Viktor Stalberg,stalbvi01,LW,40,488,82,86,168,16.4
Lorne Stamler,stamllo01,LW,45,116,14,11,25,-0.7
Tim Stapleton,staplti01,C,4,118,19,18,37,3.3
Marian Stastny,stastma01,RW,70,322,121,173,294,19.5
David Steckel,steckda01,C,89,425,33,46,79,1.4
Lee Stempniak,stemple01,RW,123,911,203,266,469,47.5
Bob Stephenson,stephbo01,RW,14,18,2,3,5,-0.1
Mike Stevens,stevemi01,LW,1,23,1,4,5,-0.2
Bill Stewart,stewabi01,D,83,261,7,64,71,14.0
Gaye Stewart,stewaga01,LW,165,502,185,159,344,34.3
Mike Stothers,stothmi01,D,18,30,0,2,2,0.5
Blaine Stoughton,stougbl01,RW,121,526,258,191,449,34.9
Anton Stralman,stralan01,D,88,749,47,195,242,48.8
Ken Strong,stronke01,LW,15,15,2,2,4,0.0
Billy Stuart,stuarbi01,D,94,195,30,19,49,16.1
Alexander Suglobov,sugloal01,RW,16,18,1,0,1,-0.4
Frank Sullivan,sullifr01,D,6,8,0,0,0,0.3
Steve Sullivan,sullist01,RW,154,1011,290,457,747,81.2
Bill Sutherland,suthebi01,C,44,250,70,58,128,11.4
Rich Sutter,sutteri01,RW,18,874,149,166,315,12.9
Robert Svehla,svehlro01,D,82,655,68,267,335,58.0
Petr Svoboda,svobope02,D,18,18,1,2,3,0.3
Bob Sykes,sykesbo01,LW,2,2,0,0,0,-0.1
John Tavares,tavarjo01,C,82,751,319,390,709,84.8
Harry Taylor,tayloha01,C,51,66,5,10,15,-0.2
Gilles Thibaudeau,thibagi01,C,41,119,25,37,62,3.9
Cy Thomas,thomacy01,W,8,14,2,2,4,0.1
Rhys Thomson,thomsrh01,D,18,25,0,2,2,1.3
Scott Thornton,thornsc01,LW,33,941,144,141,285,17.1
Jiri Tlusty,tlustji01,C,74,446,89,88,177,19.2
Dave Tomlinson,tomlida01,C,6,42,1,3,4,-1.0
Shayne Toporowski,toporsh01,RW,3,3,0,0,0,-0.1
Yannick Tremblay,trembya01,D,78,390,38,87,125,15.4
Guy Trottier,trottgu01,RW,113,115,28,17,45,2.6
Garry Unger,ungerga01,C,15,1105,413,391,804,67.8
Rinat Valiev,valieri01,D,10,12,0,0,0,0.2
Jack Valiquette,valiqja01,C,172,350,84,134,218,13.3
Mike Van Ryn,vanrymi01,D,27,353,30,99,129,23.3
Darren Veitch,veitcda01,D,39,511,48,209,257,40.7
Kris Versteeg,verstkr01,RW,53,643,149,209,358,37.9
Leigh Verstraete,verstle01,RW,8,8,0,1,1,-0.2
Carl Voss*,vossca01,C,14,264,34,71,105,7.5
Kurt Walker,walkeku01,D,71,71,4,5,9,0.7
Rickard Wallin,walliri01,C,60,79,8,11,19,1.0
Dixon Ward,warddi01,RW,22,537,95,129,224,17.2
Ron Ward,wardro01,C,18,89,2,5,7,-1.8
Jeff Ware,wareje01,D,15,21,0,1,1,0.3
Bob Warner,warnebo01,D,10,10,1,1,2,0.7
Don Webster,webstdo01,LW,27,27,7,6,13,0.6
Stan Weir,weirst01,C,159,642,139,207,346,17.6
Kyle Wellwood,wellwky01,C,189,489,92,143,235,22.3
Blake Wesley,weslebl01,D,27,298,18,46,64,12.2
Glen Wesley,weslegl01,D,7,1457,128,409,537,104.1
Erik Westrum,westrer01,C,2,27,1,2,3,-0.3
Peter White,whitepe01,C,1,220,23,37,60,2.7
Rod Willard,willaro01,LW,1,1,0,0,0,-0.1
Jeremy Williams,willije01,RW,31,32,9,2,11,1.5
Clarke Wilm,wilmcl01,C,70,455,37,60,97,3.2
Cully Wilson,wilsocu01,RW,31,130,59,29,88,9.0
Johnny Wilson,wilsojo01,LW,73,688,161,171,332,30.5
Ron Wilson,wilsoro02,D,64,177,26,67,93,11.6
Daniel Winnik,winnida01,C/LW,114,798,82,169,251,18.1
Brian Wiseman,wisembr01,C,3,3,0,0,0,-0.1
Craig Wolanin,wolancr01,D,33,695,40,133,173,30.6
Randy Wood,woodra01,LW/C,94,741,175,159,334,20.7
Andy Wozniewski,woznian01,D,76,79,2,10,12,2.0
Bob Wren,wrenbo01,C,1,5,0,0,0,-0.1
Terry Yake,yakete01,C,19,403,77,120,197,14.7
Dmitri Yakushin,yakusdm01,D,2,2,0,0,0,0.0
Gary Yaremchuk,yaremga01,C,34,34,1,4,5,-0.9
Ken Yaremchuk,yaremke01,C,47,235,36,56,92,1.6
Ron Zanussi,zanusro01,RW,55,299,52,83,135,6.4
Rob Zettler,zettlro01,D,136,569,5,65,70,14.9
Mike Zigomanis,zigommi01,C,8,197,21,19,40,1.4
